,CSW11_Nov11,CSW11_Mar12,CSW11_Jun12,CSW11_Aug12,CSW11_Mar13,CSW11_Aug13,CSW11_Jul14,CSW11_Aug15,CSW11_Jan16,CSW11_May16,CSW11_May17,CSW12_Aug12,CSW12_Mar13,CSW12_Jan16,CSW12_May16,CSW12_May17,CSW13_Aug12,CSW13_Mar13,CSW13_Aug13,CSW13_Jul14,CSW13_Jan16,CSW13_May17,CSW14_Dec11,CSW14_Mar12,CSW14_Aug12,CSW14_Mar13,CSW14_Jan16,CSW14_May16,CSW14_May17,CSW15_Aug12,CSW15_Mar13,CSW15_Jul14,CSW15_Aug15,CSW15_Jan16,CSW15_May16,CSW15_May17,CSWold_Jun11,CSWold_Jul11,CSWold_Aug11,CSWold_Nov11,CSWold_Mar12,CSWold_Mar13,CSWold_Aug13,CSWold_Dec13,CSWold_Jul14,CSWold_Aug15,CSWold_Jan16,CSWold_May16,CSWold_May17,N08A_Apr11,N08A_Jul11,N08A_Aug11,N08A_Aug12,N08A_Mar13,N08A_Aug13,N08A_Dec13,N08A_Jul14,N08A_Jan16,N08A_May16,N08A_May17,N08B_Apr11,N08B_Jul11,N08B_Aug12,N08B_Mar13,N08B_Aug13,N08B_Dec13,N08B_Jul14,N08B_Jan16,N08B_Jun16,N08B_May17,N08C_Jul11,N08C_Aug12,N08C_Mar13,N08C_Aug13,N08C_Dec13,N08C_Jul14,N08C_Jan16,N08C_May16,N08C_May17,QV11_Nov11,QV11_Mar12,QV11_Jun12,QV11_Aug12,QV11_Dec12,QV11_Mar13,QV11_Aug13,QV11_Jul14,QV11_Aug15,QV11_Jan16,QV11_May16,QV11_May17,QV12_Aug12,QV12_Mar13,QV12_Aug13,QV12_Jul14,QV12_Jan16,QV12_May16,QV12_May17,QV13_Aug12,QV13_Mar13,QV13_Jul14,QV13_Jan16,QV13_May16,QV13_May17
CSW11_Nov11,NA,NA,NA,NA,NA,NA,NA,NA,NA,NA,NA,NA,NA,NA,NA,NA,NA,NA,NA,NA,NA,NA,NA,NA,NA,NA,NA,NA,NA,NA,NA,NA,NA,NA,NA,NA,NA,NA,NA,NA,NA,NA,NA,NA,NA,NA,NA,NA,NA,NA,NA,NA,NA,NA,NA,NA,NA,NA,NA,NA,NA,NA,NA,NA,NA,NA,NA,NA,NA,NA,NA,NA,NA,NA,NA,NA,NA,NA,NA,NA,NA,NA,NA,NA,NA,NA,NA,NA,NA,NA,NA,NA,NA,NA,NA,NA,NA,NA,NA,NA,NA,NA,NA,NA
CSW11_Mar12,-3.501555196,NA,NA,NA,NA,NA,NA,NA,NA,NA,NA,NA,NA,NA,NA,NA,NA,NA,NA,NA,NA,NA,NA,NA,NA,NA,NA,NA,NA,NA,NA,NA,NA,NA,NA,NA,NA,NA,NA,NA,NA,NA,NA,NA,NA,NA,NA,NA,NA,NA,NA,NA,NA,NA,NA,NA,NA,NA,NA,NA,NA,NA,NA,NA,NA,NA,NA,NA,NA,NA,NA,NA,NA,NA,NA,NA,NA,NA,NA,NA,NA,NA,NA,NA,NA,NA,NA,NA,NA,NA,NA,NA,NA,NA,NA,NA,NA,NA,NA,NA,NA,NA,NA,NA
CSW11_Jun12,-3.439719961,-2.976163601,NA,NA,NA,NA,NA,NA,NA,NA,NA,NA,NA,NA,NA,NA,NA,NA,NA,NA,NA,NA,NA,NA,NA,NA,NA,NA,NA,NA,NA,NA,NA,NA,NA,NA,NA,NA,NA,NA,NA,NA,NA,NA,NA,NA,NA,NA,NA,NA,NA,NA,NA,NA,NA,NA,NA,NA,NA,NA,NA,NA,NA,NA,NA,NA,NA,NA,NA,NA,NA,NA,NA,NA,NA,NA,NA,NA,NA,NA,NA,NA,NA,NA,NA,NA,NA,NA,NA,NA,NA,NA,NA,NA,NA,NA,NA,NA,NA,NA,NA,NA,NA,NA
CSW11_Aug12,-5.913076895,-2.135200474,-0.993558138,NA,NA,NA,NA,NA,NA,NA,NA,NA,NA,NA,NA,NA,NA,NA,NA,NA,NA,NA,NA,NA,NA,NA,NA,NA,NA,NA,NA,NA,NA,NA,NA,NA,NA,NA,NA,NA,NA,NA,NA,NA,NA,NA,NA,NA,NA,NA,NA,NA,NA,NA,NA,NA,NA,NA,NA,NA,NA,NA,NA,NA,NA,NA,NA,NA,NA,NA,NA,NA,NA,NA,NA,NA,NA,NA,NA,NA,NA,NA,NA,NA,NA,NA,NA,NA,NA,NA,NA,NA,NA,NA,NA,NA,NA,NA,NA,NA,NA,NA,NA,NA
CSW11_Mar13,-5.55811311,-4.282621057,-2.906518712,-0.95359352,NA,NA,NA,NA,NA,NA,NA,NA,NA,NA,NA,NA,NA,NA,NA,NA,NA,NA,NA,NA,NA,NA,NA,NA,NA,NA,NA,NA,NA,NA,NA,NA,NA,NA,NA,NA,NA,NA,NA,NA,NA,NA,NA,NA,NA,NA,NA,NA,NA,NA,NA,NA,NA,NA,NA,NA,NA,NA,NA,NA,NA,NA,NA,NA,NA,NA,NA,NA,NA,NA,NA,NA,NA,NA,NA,NA,NA,NA,NA,NA,NA,NA,NA,NA,NA,NA,NA,NA,NA,NA,NA,NA,NA,NA,NA,NA,NA,NA,NA,NA
CSW11_Aug13,-3.161761778,-3.251287142,-3.467505549,-0.268978109,-2.718008155,NA,NA,NA,NA,NA,NA,NA,NA,NA,NA,NA,NA,NA,NA,NA,NA,NA,NA,NA,NA,NA,NA,NA,NA,NA,NA,NA,NA,NA,NA,NA,NA,NA,NA,NA,NA,NA,NA,NA,NA,NA,NA,NA,NA,NA,NA,NA,NA,NA,NA,NA,NA,NA,NA,NA,NA,NA,NA,NA,NA,NA,NA,NA,NA,NA,NA,NA,NA,NA,NA,NA,NA,NA,NA,NA,NA,NA,NA,NA,NA,NA,NA,NA,NA,NA,NA,NA,NA,NA,NA,NA,NA,NA,NA,NA,NA,NA,NA,NA
CSW11_Jul14,0.100223037,0.265054056,0.44772476,-0.39685112,-4.192805175,-0.132068766,NA,NA,NA,NA,NA,NA,NA,NA,NA,NA,NA,NA,NA,NA,NA,NA,NA,NA,NA,NA,NA,NA,NA,NA,NA,NA,NA,NA,NA,NA,NA,NA,NA,NA,NA,NA,NA,NA,NA,NA,NA,NA,NA,NA,NA,NA,NA,NA,NA,NA,NA,NA,NA,NA,NA,NA,NA,NA,NA,NA,NA,NA,NA,NA,NA,NA,NA,NA,NA,NA,NA,NA,NA,NA,NA,NA,NA,NA,NA,NA,NA,NA,NA,NA,NA,NA,NA,NA,NA,NA,NA,NA,NA,NA,NA,NA,NA,NA
CSW11_Aug15,0.715022065,3.443001883,1.492649845,0.362336818,2.378766683,1.701812959,3.576279392,NA,NA,NA,NA,NA,NA,NA,NA,NA,NA,NA,NA,NA,NA,NA,NA,NA,NA,NA,NA,NA,NA,NA,NA,NA,NA,NA,NA,NA,NA,NA,NA,NA,NA,NA,NA,NA,NA,NA,NA,NA,NA,NA,NA,NA,NA,NA,NA,NA,NA,NA,NA,NA,NA,NA,NA,NA,NA,NA,NA,NA,NA,NA,NA,NA,NA,NA,NA,NA,NA,NA,NA,NA,NA,NA,NA,NA,NA,NA,NA,NA,NA,NA,NA,NA,NA,NA,NA,NA,NA,NA,NA,NA,NA,NA,NA,NA
CSW11_Jan16,0.168390434,0.342399338,0.57895433,-0.313975523,1.04964466,0.254783068,1.337175157,-2.114007681,NA,NA,NA,NA,NA,NA,NA,NA,NA,NA,NA,NA,NA,NA,NA,NA,NA,NA,NA,NA,NA,NA,NA,NA,NA,NA,NA,NA,NA,NA,NA,NA,NA,NA,NA,NA,NA,NA,NA,NA,NA,NA,NA,NA,NA,NA,NA,NA,NA,NA,NA,NA,NA,NA,NA,NA,NA,NA,NA,NA,NA,NA,NA,NA,NA,NA,NA,NA,NA,NA,NA,NA,NA,NA,NA,NA,NA,NA,NA,NA,NA,NA,NA,NA,NA,NA,NA,NA,NA,NA,NA,NA,NA,NA,NA,NA
CSW11_May16,0.089429336,0.257468614,0.060134948,-0.342341362,-1.471512397,0.009027552,-3.748658803,-0.111458998,0.226449097,NA,NA,NA,NA,NA,NA,NA,NA,NA,NA,NA,NA,NA,NA,NA,NA,NA,NA,NA,NA,NA,NA,NA,NA,NA,NA,NA,NA,NA,NA,NA,NA,NA,NA,NA,NA,NA,NA,NA,NA,NA,NA,NA,NA,NA,NA,NA,NA,NA,NA,NA,NA,NA,NA,NA,NA,NA,NA,NA,NA,NA,NA,NA,NA,NA,NA,NA,NA,NA,NA,NA,NA,NA,NA,NA,NA,NA,NA,NA,NA,NA,NA,NA,NA,NA,NA,NA,NA,NA,NA,NA,NA,NA,NA,NA
CSW11_May17,0.163011544,0.258689242,-2.507274622,-0.557060725,-5.617120222,-2.442391574,-5.206334413,0.98902815,-0.006957889,-7.188661903,NA,NA,NA,NA,NA,NA,NA,NA,NA,NA,NA,NA,NA,NA,NA,NA,NA,NA,NA,NA,NA,NA,NA,NA,NA,NA,NA,NA,NA,NA,NA,NA,NA,NA,NA,NA,NA,NA,NA,NA,NA,NA,NA,NA,NA,NA,NA,NA,NA,NA,NA,NA,NA,NA,NA,NA,NA,NA,NA,NA,NA,NA,NA,NA,NA,NA,NA,NA,NA,NA,NA,NA,NA,NA,NA,NA,NA,NA,NA,NA,NA,NA,NA,NA,NA,NA,NA,NA,NA,NA,NA,NA,NA,NA
CSW12_Aug12,-0.205113448,1.185866063,-1.117368325,-1.00765308,-1.776671682,-1.412396179,0.428189004,4.674015953,0.404065104,-0.837707623,-0.777162648,NA,NA,NA,NA,NA,NA,NA,NA,NA,NA,NA,NA,NA,NA,NA,NA,NA,NA,NA,NA,NA,NA,NA,NA,NA,NA,NA,NA,NA,NA,NA,NA,NA,NA,NA,NA,NA,NA,NA,NA,NA,NA,NA,NA,NA,NA,NA,NA,NA,NA,NA,NA,NA,NA,NA,NA,NA,NA,NA,NA,NA,NA,NA,NA,NA,NA,NA,NA,NA,NA,NA,NA,NA,NA,NA,NA,NA,NA,NA,NA,NA,NA,NA,NA,NA,NA,NA,NA,NA,NA,NA,NA,NA
CSW12_Mar13,-1.360933514,-0.370434899,-1.62712123,-1.170588593,-1.824611204,-2.310100098,-0.349293465,3.20388749,-0.476714258,-1.277210782,-1.535967586,-2.052142905,NA,NA,NA,NA,NA,NA,NA,NA,NA,NA,NA,NA,NA,NA,NA,NA,NA,NA,NA,NA,NA,NA,NA,NA,NA,NA,NA,NA,NA,NA,NA,NA,NA,NA,NA,NA,NA,NA,NA,NA,NA,NA,NA,NA,NA,NA,NA,NA,NA,NA,NA,NA,NA,NA,NA,NA,NA,NA,NA,NA,NA,NA,NA,NA,NA,NA,NA,NA,NA,NA,NA,NA,NA,NA,NA,NA,NA,NA,NA,NA,NA,NA,NA,NA,NA,NA,NA,NA,NA,NA,NA,NA
CSW12_Jan16,-0.005264227,0.353613672,-1.107960666,-0.490651678,-0.306194969,-0.688890195,-1.263538567,3.194567793,0.454642744,-0.145204973,0.893927231,-1.029936221,-1.225530643,NA,NA,NA,NA,NA,NA,NA,NA,NA,NA,NA,NA,NA,NA,NA,NA,NA,NA,NA,NA,NA,NA,NA,NA,NA,NA,NA,NA,NA,NA,NA,NA,NA,NA,NA,NA,NA,NA,NA,NA,NA,NA,NA,NA,NA,NA,NA,NA,NA,NA,NA,NA,NA,NA,NA,NA,NA,NA,NA,NA,NA,NA,NA,NA,NA,NA,NA,NA,NA,NA,NA,NA,NA,NA,NA,NA,NA,NA,NA,NA,NA,NA,NA,NA,NA,NA,NA,NA,NA,NA,NA
CSW12_May16,-0.764679299,-0.522279091,-2.008163539,-1.149369978,-0.864297905,-1.545838814,-0.511203759,2.320030423,-1.51954527,-2.417721679,-0.54789578,-0.763128905,-2.010827729,-0.83587036,NA,NA,NA,NA,NA,NA,NA,NA,NA,NA,NA,NA,NA,NA,NA,NA,NA,NA,NA,NA,NA,NA,NA,NA,NA,NA,NA,NA,NA,NA,NA,NA,NA,NA,NA,NA,NA,NA,NA,NA,NA,NA,NA,NA,NA,NA,NA,NA,NA,NA,NA,NA,NA,NA,NA,NA,NA,NA,NA,NA,NA,NA,NA,NA,NA,NA,NA,NA,NA,NA,NA,NA,NA,NA,NA,NA,NA,NA,NA,NA,NA,NA,NA,NA,NA,NA,NA,NA,NA,NA
CSW12_May17,0.404694848,-0.517828284,-0.668462697,-0.584374987,-1.114158069,-0.070682129,-0.4069685,2.339486492,-1.193497232,-1.549085827,0.947738478,-0.046814329,-0.960846455,-1.229235142,-0.775408708,NA,NA,NA,NA,NA,NA,NA,NA,NA,NA,NA,NA,NA,NA,NA,NA,NA,NA,NA,NA,NA,NA,NA,NA,NA,NA,NA,NA,NA,NA,NA,NA,NA,NA,NA,NA,NA,NA,NA,NA,NA,NA,NA,NA,NA,NA,NA,NA,NA,NA,NA,NA,NA,NA,NA,NA,NA,NA,NA,NA,NA,NA,NA,NA,NA,NA,NA,NA,NA,NA,NA,NA,NA,NA,NA,NA,NA,NA,NA,NA,NA,NA,NA,NA,NA,NA,NA,NA,NA
CSW13_Aug12,-0.65689667,0.087538249,-1.063477183,-0.394229776,-0.458069487,-1.177111199,0.660071502,6.036255573,0.517642203,0.050338474,0.338627757,-0.958711571,-2.462043754,-0.11021252,0.018525896,1.324932335,NA,NA,NA,NA,NA,NA,NA,NA,NA,NA,NA,NA,NA,NA,NA,NA,NA,NA,NA,NA,NA,NA,NA,NA,NA,NA,NA,NA,NA,NA,NA,NA,NA,NA,NA,NA,NA,NA,NA,NA,NA,NA,NA,NA,NA,NA,NA,NA,NA,NA,NA,NA,NA,NA,NA,NA,NA,NA,NA,NA,NA,NA,NA,NA,NA,NA,NA,NA,NA,NA,NA,NA,NA,NA,NA,NA,NA,NA,NA,NA,NA,NA,NA,NA,NA,NA,NA,NA
CSW13_Mar13,-1.777785119,-0.280611381,-1.457629105,-0.704300612,-1.160196665,-1.583685463,-0.006723733,3.315143701,-0.13358553,-0.824136199,-0.815692449,-2.896155109,-2.717198711,-0.552608099,-1.264168773,-0.253442005,-2.700944526,NA,NA,NA,NA,NA,NA,NA,NA,NA,NA,NA,NA,NA,NA,NA,NA,NA,NA,NA,NA,NA,NA,NA,NA,NA,NA,NA,NA,NA,NA,NA,NA,NA,NA,NA,NA,NA,NA,NA,NA,NA,NA,NA,NA,NA,NA,NA,NA,NA,NA,NA,NA,NA,NA,NA,NA,NA,NA,NA,NA,NA,NA,NA,NA,NA,NA,NA,NA,NA,NA,NA,NA,NA,NA,NA,NA,NA,NA,NA,NA,NA,NA,NA,NA,NA,NA,NA
CSW13_Aug13,-2.14359729,-1.099600366,-1.545459304,-1.029149822,-2.033595085,-1.930715505,-0.548771669,1.864563325,-0.178056869,-0.801778187,-1.555502588,-1.709528646,-2.743018977,-2.085863547,-2.077061465,-0.895285732,-2.146035121,-2.708574187,NA,NA,NA,NA,NA,NA,NA,NA,NA,NA,NA,NA,NA,NA,NA,NA,NA,NA,NA,NA,NA,NA,NA,NA,NA,NA,NA,NA,NA,NA,NA,NA,NA,NA,NA,NA,NA,NA,NA,NA,NA,NA,NA,NA,NA,NA,NA,NA,NA,NA,NA,NA,NA,NA,NA,NA,NA,NA,NA,NA,NA,NA,NA,NA,NA,NA,NA,NA,NA,NA,NA,NA,NA,NA,NA,NA,NA,NA,NA,NA,NA,NA,NA,NA,NA,NA
CSW13_Jul14,-0.280084273,0.107779416,-0.529470152,-0.432284387,-0.359764535,-0.437951882,-1.073597837,1.793694802,-0.731361603,-1.758708673,0.499133482,-1.591790946,-1.532794907,-1.295493421,-0.78568557,-0.424973924,-0.64503125,-0.402991538,-0.401753598,NA,NA,NA,NA,NA,NA,NA,NA,NA,NA,NA,NA,NA,NA,NA,NA,NA,NA,NA,NA,NA,NA,NA,NA,NA,NA,NA,NA,NA,NA,NA,NA,NA,NA,NA,NA,NA,NA,NA,NA,NA,NA,NA,NA,NA,NA,NA,NA,NA,NA,NA,NA,NA,NA,NA,NA,NA,NA,NA,NA,NA,NA,NA,NA,NA,NA,NA,NA,NA,NA,NA,NA,NA,NA,NA,NA,NA,NA,NA,NA,NA,NA,NA,NA,NA
CSW13_Jan16,3.23957205,3.233730381,0.741797117,2.04305047,1.938539749,0.846221923,3.509673309,0.810156772,-0.905085431,0.789373527,4.222379579,3.510222287,1.455469844,1.073142452,2.065442972,-0.45685643,5.246852461,1.651339067,0.77599443,0.553275859,NA,NA,NA,NA,NA,NA,NA,NA,NA,NA,NA,NA,NA,NA,NA,NA,NA,NA,NA,NA,NA,NA,NA,NA,NA,NA,NA,NA,NA,NA,NA,NA,NA,NA,NA,NA,NA,NA,NA,NA,NA,NA,NA,NA,NA,NA,NA,NA,NA,NA,NA,NA,NA,NA,NA,NA,NA,NA,NA,NA,NA,NA,NA,NA,NA,NA,NA,NA,NA,NA,NA,NA,NA,NA,NA,NA,NA,NA,NA,NA,NA,NA,NA,NA
CSW13_May17,-0.8193874,-0.524110221,-1.659785237,-0.72161309,-0.764373001,-1.282823788,-0.655469289,1.643561055,-0.835273541,-1.950684889,-0.33224959,-0.860746006,-2.12056008,-0.815501022,-1.140417564,-1.541972748,0.755524009,-0.878893766,-1.837041472,-1.826970049,3.338619533,NA,NA,NA,NA,NA,NA,NA,NA,NA,NA,NA,NA,NA,NA,NA,NA,NA,NA,NA,NA,NA,NA,NA,NA,NA,NA,NA,NA,NA,NA,NA,NA,NA,NA,NA,NA,NA,NA,NA,NA,NA,NA,NA,NA,NA,NA,NA,NA,NA,NA,NA,NA,NA,NA,NA,NA,NA,NA,NA,NA,NA,NA,NA,NA,NA,NA,NA,NA,NA,NA,NA,NA,NA,NA,NA,NA,NA,NA,NA,NA,NA,NA,NA
CSW14_Dec11,-1.448686286,0.500367538,-0.842570806,-1.681973004,-0.925080739,-0.957888888,0.178604103,1.489907782,-0.873439854,-0.808360014,-1.442333777,-0.550665904,-1.435606466,-0.179111279,-0.643988564,-0.622463878,-0.548562477,-0.792174912,-1.644286203,-0.178609265,0.51754706,-0.668851514,NA,NA,NA,NA,NA,NA,NA,NA,NA,NA,NA,NA,NA,NA,NA,NA,NA,NA,NA,NA,NA,NA,NA,NA,NA,NA,NA,NA,NA,NA,NA,NA,NA,NA,NA,NA,NA,NA,NA,NA,NA,NA,NA,NA,NA,NA,NA,NA,NA,NA,NA,NA,NA,NA,NA,NA,NA,NA,NA,NA,NA,NA,NA,NA,NA,NA,NA,NA,NA,NA,NA,NA,NA,NA,NA,NA,NA,NA,NA,NA,NA,NA
CSW14_Mar12,3.02943488,1.577784069,0.761059436,3.32305714,3.583726483,4.444422194,2.895626504,4.630094978,2.383139318,2.233965096,4.112024371,1.721821987,1.293661671,3.065974602,2.333960696,2.093215438,3.214024377,1.975750391,2.19807611,4.400922126,3.920830488,4.07676708,1.836488327,NA,NA,NA,NA,NA,NA,NA,NA,NA,NA,NA,NA,NA,NA,NA,NA,NA,NA,NA,NA,NA,NA,NA,NA,NA,NA,NA,NA,NA,NA,NA,NA,NA,NA,NA,NA,NA,NA,NA,NA,NA,NA,NA,NA,NA,NA,NA,NA,NA,NA,NA,NA,NA,NA,NA,NA,NA,NA,NA,NA,NA,NA,NA,NA,NA,NA,NA,NA,NA,NA,NA,NA,NA,NA,NA,NA,NA,NA,NA,NA,NA
CSW14_Aug12,-0.169182801,-0.348119104,0.369916342,-0.327923719,0.465692937,0.575852499,0.933006441,1.474921258,0.306175443,-0.227469327,0.355757181,2.821488659,-0.448050178,0.098228205,0.01745901,0.162183293,6.625240349,-0.318442426,0.031044762,0.199096956,1.331818184,0.195120357,-0.480087319,-0.050682299,NA,NA,NA,NA,NA,NA,NA,NA,NA,NA,NA,NA,NA,NA,NA,NA,NA,NA,NA,NA,NA,NA,NA,NA,NA,NA,NA,NA,NA,NA,NA,NA,NA,NA,NA,NA,NA,NA,NA,NA,NA,NA,NA,NA,NA,NA,NA,NA,NA,NA,NA,NA,NA,NA,NA,NA,NA,NA,NA,NA,NA,NA,NA,NA,NA,NA,NA,NA,NA,NA,NA,NA,NA,NA,NA,NA,NA,NA,NA,NA
CSW14_Mar13,-2.161810456,-0.94640162,-1.58638438,-1.833352779,-1.2250266,-2.098030211,-0.08148272,1.420728459,-0.319633254,-1.223620969,-1.636193077,-1.570949983,-1.82208144,-0.605331066,-1.472276644,-2.403907051,-1.469140057,-1.623535733,-1.813076842,-0.631734817,0.643233192,-1.92830676,-2.107276765,-1.736640825,-1.904411803,NA,NA,NA,NA,NA,NA,NA,NA,NA,NA,NA,NA,NA,NA,NA,NA,NA,NA,NA,NA,NA,NA,NA,NA,NA,NA,NA,NA,NA,NA,NA,NA,NA,NA,NA,NA,NA,NA,NA,NA,NA,NA,NA,NA,NA,NA,NA,NA,NA,NA,NA,NA,NA,NA,NA,NA,NA,NA,NA,NA,NA,NA,NA,NA,NA,NA,NA,NA,NA,NA,NA,NA,NA,NA,NA,NA,NA,NA,NA
CSW14_Jan16,-0.190187417,-0.471243865,-0.831213413,-0.224133103,-1.308307957,-0.729034607,0.376332851,0.334432391,-0.024905471,-0.280368087,-0.060529785,-0.101193123,-0.592262192,-0.713306265,-0.994513855,0.161378253,0.877652964,-0.774547659,-1.356329768,-0.177682222,-0.883139806,-0.100775875,0.740873999,1.259179594,0.003054209,-1.522867757,NA,NA,NA,NA,NA,NA,NA,NA,NA,NA,NA,NA,NA,NA,NA,NA,NA,NA,NA,NA,NA,NA,NA,NA,NA,NA,NA,NA,NA,NA,NA,NA,NA,NA,NA,NA,NA,NA,NA,NA,NA,NA,NA,NA,NA,NA,NA,NA,NA,NA,NA,NA,NA,NA,NA,NA,NA,NA,NA,NA,NA,NA,NA,NA,NA,NA,NA,NA,NA,NA,NA,NA,NA,NA,NA,NA,NA,NA
CSW14_May16,1.432050716,-0.302905561,0.201637103,-0.650494613,-1.682347289,0.818968656,-0.215441581,-0.677230141,-0.477095707,-1.023734611,1.404163098,0.170951444,0.11820883,-0.484548701,-0.489136492,-0.464330896,-0.02188217,-0.339587445,-0.736040871,1.486597982,-0.820319066,-0.455469731,0.248465571,0.973257917,0.089833696,-1.603114195,-3.310172516,NA,NA,NA,NA,NA,NA,NA,NA,NA,NA,NA,NA,NA,NA,NA,NA,NA,NA,NA,NA,NA,NA,NA,NA,NA,NA,NA,NA,NA,NA,NA,NA,NA,NA,NA,NA,NA,NA,NA,NA,NA,NA,NA,NA,NA,NA,NA,NA,NA,NA,NA,NA,NA,NA,NA,NA,NA,NA,NA,NA,NA,NA,NA,NA,NA,NA,NA,NA,NA,NA,NA,NA,NA,NA,NA,NA,NA
CSW14_May17,-0.105051592,-0.426404014,-0.659932837,-1.138483025,-0.504368451,-0.80894245,0.228846514,2.110686523,0.152893669,-1.443528291,1.637974158,-0.136471455,-1.423535882,-0.392873961,-0.738371471,-0.265111216,0.23618127,-1.109476667,-1.106567186,0.019624051,0.196517191,0.105376469,0.081951944,1.446497889,-0.368782242,-0.891714472,-0.456953571,-0.103441146,NA,NA,NA,NA,NA,NA,NA,NA,NA,NA,NA,NA,NA,NA,NA,NA,NA,NA,NA,NA,NA,NA,NA,NA,NA,NA,NA,NA,NA,NA,NA,NA,NA,NA,NA,NA,NA,NA,NA,NA,NA,NA,NA,NA,NA,NA,NA,NA,NA,NA,NA,NA,NA,NA,NA,NA,NA,NA,NA,NA,NA,NA,NA,NA,NA,NA,NA,NA,NA,NA,NA,NA,NA,NA,NA,NA
CSW15_Aug12,-1.680821985,1.156466877,-2.179790684,-1.375150442,-3.251949855,-1.179403306,-0.128155433,0.876706497,0.042494402,-0.279968982,-0.29973962,-1.47500448,-2.655125062,-1.685093753,-1.47554757,-1.529412808,-0.970963806,-3.210259804,-1.837242616,-1.593603804,1.236758611,-1.074602154,-0.614427057,1.541017723,-0.239082246,-3.001307477,0.43134713,0.417283146,-1.034696342,NA,NA,NA,NA,NA,NA,NA,NA,NA,NA,NA,NA,NA,NA,NA,NA,NA,NA,NA,NA,NA,NA,NA,NA,NA,NA,NA,NA,NA,NA,NA,NA,NA,NA,NA,NA,NA,NA,NA,NA,NA,NA,NA,NA,NA,NA,NA,NA,NA,NA,NA,NA,NA,NA,NA,NA,NA,NA,NA,NA,NA,NA,NA,NA,NA,NA,NA,NA,NA,NA,NA,NA,NA,NA,NA
CSW15_Mar13,-1.603525525,-0.176761895,-1.867675806,-0.973347532,-1.214598221,-1.969704986,-0.264470996,1.80024676,-0.083337826,-0.799491945,-0.711978012,-1.193253624,-2.104088342,0.281662267,-2.309487873,-1.522188762,-0.721736639,-2.088756463,-1.55035094,-0.629082756,1.046325337,-1.379206044,-1.024495071,3.521883227,-0.140896908,-1.633786837,-1.253638817,-1.162215237,-1.050402257,-2.216017248,NA,NA,NA,NA,NA,NA,NA,NA,NA,NA,NA,NA,NA,NA,NA,NA,NA,NA,NA,NA,NA,NA,NA,NA,NA,NA,NA,NA,NA,NA,NA,NA,NA,NA,NA,NA,NA,NA,NA,NA,NA,NA,NA,NA,NA,NA,NA,NA,NA,NA,NA,NA,NA,NA,NA,NA,NA,NA,NA,NA,NA,NA,NA,NA,NA,NA,NA,NA,NA,NA,NA,NA,NA,NA
CSW15_Jul14,-0.904610795,0.140066805,-1.154032691,-0.448535613,-0.810666626,-0.84555652,-0.806384113,5.967197509,0.604890904,-0.830405677,-0.419670836,-0.652424431,-1.733265761,-2.723919417,-0.534622472,0.598707748,0.791712031,-1.418050276,-1.795499071,-0.436950938,5.116434839,-0.355199725,0.120851998,4.927261866,0.613477586,0.104429915,0.795783978,-0.266242045,-0.426096933,-1.176719804,-2.734125027,NA,NA,NA,NA,NA,NA,NA,NA,NA,NA,NA,NA,NA,NA,NA,NA,NA,NA,NA,NA,NA,NA,NA,NA,NA,NA,NA,NA,NA,NA,NA,NA,NA,NA,NA,NA,NA,NA,NA,NA,NA,NA,NA,NA,NA,NA,NA,NA,NA,NA,NA,NA,NA,NA,NA,NA,NA,NA,NA,NA,NA,NA,NA,NA,NA,NA,NA,NA,NA,NA,NA,NA,NA
CSW15_Aug15,0.347321535,1.141638394,-1.199174977,-0.598810886,-0.577927568,-0.378731117,0.303970925,1.555966343,0.352634888,-0.275180422,0.74300446,1.351548765,-1.656410658,1.302708704,-0.62873369,0.798432597,0.95489756,-0.055458019,-0.951143792,-0.743479292,-0.715446183,-0.294143213,-0.975402403,4.99855177,0.26985312,-0.972464901,0.836812174,-0.702483254,-0.238730545,0.263892896,-0.740664889,1.626009055,NA,NA,NA,NA,NA,NA,NA,NA,NA,NA,NA,NA,NA,NA,NA,NA,NA,NA,NA,NA,NA,NA,NA,NA,NA,NA,NA,NA,NA,NA,NA,NA,NA,NA,NA,NA,NA,NA,NA,NA,NA,NA,NA,NA,NA,NA,NA,NA,NA,NA,NA,NA,NA,NA,NA,NA,NA,NA,NA,NA,NA,NA,NA,NA,NA,NA,NA,NA,NA,NA,NA,NA
CSW15_Jan16,1.321623559,0.47044062,0.700809242,-0.104405695,0.257229687,1.386982013,1.054757302,-1.878463002,-0.457770918,-0.279504209,2.048094109,3.0296595,0.61253511,1.2690342,1.768973932,1.396059437,3.940476776,0.48688756,0.60222083,1.006523618,-3.599972958,1.268935898,0.809359987,3.546706443,0.804629525,-0.805446896,0.02815934,-0.599115745,1.36918341,0.318998167,-0.600460188,3.685113578,-3.058878475,NA,NA,NA,NA,NA,NA,NA,NA,NA,NA,NA,NA,NA,NA,NA,NA,NA,NA,NA,NA,NA,NA,NA,NA,NA,NA,NA,NA,NA,NA,NA,NA,NA,NA,NA,NA,NA,NA,NA,NA,NA,NA,NA,NA,NA,NA,NA,NA,NA,NA,NA,NA,NA,NA,NA,NA,NA,NA,NA,NA,NA,NA,NA,NA,NA,NA,NA,NA,NA,NA,NA
CSW15_May16,-0.276248237,0.380204772,-2.4360186,0.548315445,-0.550470932,-1.243847848,-0.923467048,2.12457672,-1.102509707,-0.624332281,-0.168974704,-0.999672764,-1.859664299,-0.845834968,-1.14277406,0.245414129,-0.161321583,-1.427737538,-2.073026814,-0.995709196,1.117966195,-0.427446837,-0.232190436,2.444843817,-0.208738371,-1.579185185,-0.104084424,2.160522747,0.471440602,-1.206890032,-1.363786089,-0.502007267,0.111237672,0.13990538,NA,NA,NA,NA,NA,NA,NA,NA,NA,NA,NA,NA,NA,NA,NA,NA,NA,NA,NA,NA,NA,NA,NA,NA,NA,NA,NA,NA,NA,NA,NA,NA,NA,NA,NA,NA,NA,NA,NA,NA,NA,NA,NA,NA,NA,NA,NA,NA,NA,NA,NA,NA,NA,NA,NA,NA,NA,NA,NA,NA,NA,NA,NA,NA,NA,NA,NA,NA,NA,NA
CSW15_May17,-1.041612314,-0.306480191,-1.639013751,-1.372144993,-1.090187219,-0.750772415,-1.125179847,2.599724894,-0.135145477,0.570534319,-1.059575906,-0.679031673,-0.943130173,-1.610720018,0.158290079,0.419139732,1.428363013,0.511943537,-1.563930734,-1.086332562,1.79414721,-1.245583772,-0.688707974,5.197315273,0.702068243,-0.976934253,1.023327011,2.229077058,1.745189311,-1.133396208,-1.24818994,-1.187621254,-0.647260034,3.993027917,-0.458357591,NA,NA,NA,NA,NA,NA,NA,NA,NA,NA,NA,NA,NA,NA,NA,NA,NA,NA,NA,NA,NA,NA,NA,NA,NA,NA,NA,NA,NA,NA,NA,NA,NA,NA,NA,NA,NA,NA,NA,NA,NA,NA,NA,NA,NA,NA,NA,NA,NA,NA,NA,NA,NA,NA,NA,NA,NA,NA,NA,NA,NA,NA,NA,NA,NA,NA,NA,NA,NA
CSWold_Jun11,-1.567688226,-0.654930879,-1.611030043,-1.149504667,-1.6474503,-2.377895597,-1.436596295,0.628637378,-1.012961015,-2.132816576,-0.980942208,-0.569309913,-1.28011244,0.801549745,-1.31411233,-1.051833766,-0.521021877,-1.269063139,-1.842795923,-0.296954321,1.380807369,-0.947347149,-0.76150554,2.19268885,-0.297591623,-2.451451478,-0.842889239,-0.177775424,-0.775226513,-1.038332239,-0.974354185,0.184957077,0.45095294,0.821436036,-1.260336279,-1.393637684,NA,NA,NA,NA,NA,NA,NA,NA,NA,NA,NA,NA,NA,NA,NA,NA,NA,NA,NA,NA,NA,NA,NA,NA,NA,NA,NA,NA,NA,NA,NA,NA,NA,NA,NA,NA,NA,NA,NA,NA,NA,NA,NA,NA,NA,NA,NA,NA,NA,NA,NA,NA,NA,NA,NA,NA,NA,NA,NA,NA,NA,NA,NA,NA,NA,NA,NA,NA
CSWold_Jul11,-2.921777627,-2.481928634,-3.93166301,-2.865625707,-3.529861911,-2.922661877,-3.236390624,1.023463219,-3.87489464,-4.500482049,-2.631058493,-1.482851717,-3.949665628,-1.543419507,-2.071441261,-1.817233454,-2.200982519,-3.033290082,-1.791702063,-0.884185307,0.062319542,-1.85750917,-1.707886835,3.27670783,1.27132859,-2.195203608,-1.17340859,-0.118963007,-0.779354603,-3.474101364,-3.503944802,-2.163007131,-1.295691049,-0.183032036,-2.846692836,-1.890712159,-7.333379922,NA,NA,NA,NA,NA,NA,NA,NA,NA,NA,NA,NA,NA,NA,NA,NA,NA,NA,NA,NA,NA,NA,NA,NA,NA,NA,NA,NA,NA,NA,NA,NA,NA,NA,NA,NA,NA,NA,NA,NA,NA,NA,NA,NA,NA,NA,NA,NA,NA,NA,NA,NA,NA,NA,NA,NA,NA,NA,NA,NA,NA,NA,NA,NA,NA,NA,NA
CSWold_Aug11,-4.111301598,-3.08274764,-2.978363157,-2.935580931,-4.160682938,-2.878924698,-3.891407705,2.36265328,-3.232212383,-3.949726776,-3.918932376,-1.395043486,-3.55291844,-2.47914808,-2.765047815,-2.353718307,-3.026578637,-3.212539737,-2.483150646,-2.446997136,0.010798915,-2.489054885,-1.622794772,3.147795871,1.08581458,-2.530534685,-0.852393618,-0.162830631,-0.705572689,-3.816569517,-3.916955511,-2.255501619,-1.345161558,1.4871975,-3.90040687,-2.400745796,-8.390246895,-6.478340946,NA,NA,NA,NA,NA,NA,NA,NA,NA,NA,NA,NA,NA,NA,NA,NA,NA,NA,NA,NA,NA,NA,NA,NA,NA,NA,NA,NA,NA,NA,NA,NA,NA,NA,NA,NA,NA,NA,NA,NA,NA,NA,NA,NA,NA,NA,NA,NA,NA,NA,NA,NA,NA,NA,NA,NA,NA,NA,NA,NA,NA,NA,NA,NA,NA,NA
CSWold_Nov11,-2.643383155,-2.006422097,-2.384147669,-2.373871062,-4.138508012,-3.128538732,-0.760344013,0.890144731,-1.087548141,-1.998949051,-2.193101786,-1.256109898,-1.547713626,-0.420295489,-2.459603145,-2.698640226,-1.417184212,-2.264085256,-1.811779423,-1.375894004,0.020391433,-2.041909988,-1.549094521,2.071046195,0.1801777,-2.565366438,-0.785572246,-0.839905962,-0.402341011,-2.889463276,-2.491331974,-0.850845878,0.161014792,0.37968519,-3.11236026,-1.676929029,-5.657092625,-3.498301005,-2.261805962,NA,NA,NA,NA,NA,NA,NA,NA,NA,NA,NA,NA,NA,NA,NA,NA,NA,NA,NA,NA,NA,NA,NA,NA,NA,NA,NA,NA,NA,NA,NA,NA,NA,NA,NA,NA,NA,NA,NA,NA,NA,NA,NA,NA,NA,NA,NA,NA,NA,NA,NA,NA,NA,NA,NA,NA,NA,NA,NA,NA,NA,NA,NA,NA,NA
CSWold_Mar12,-2.351782824,-2.225454228,-2.65277508,-3.068283114,-4.024093726,-1.102335009,-0.122508064,0.921249474,-0.11924211,-0.29676689,-0.876367161,-2.279957141,-1.965360504,-1.141980386,-1.50929974,-1.46548271,-2.23345206,-2.72496208,-2.028746883,-1.703975634,1.911203094,-1.171649096,0.014669888,2.960973812,4.158027694,-2.15046033,-0.962180725,-1.075684386,-0.163297351,-2.874293785,-2.558370687,-1.307899128,0.103570759,1.324520416,-2.036213526,0.062130704,-3.380670772,-4.926500251,-3.523070747,-7.696403401,NA,NA,NA,NA,NA,NA,NA,NA,NA,NA,NA,NA,NA,NA,NA,NA,NA,NA,NA,NA,NA,NA,NA,NA,NA,NA,NA,NA,NA,NA,NA,NA,NA,NA,NA,NA,NA,NA,NA,NA,NA,NA,NA,NA,NA,NA,NA,NA,NA,NA,NA,NA,NA,NA,NA,NA,NA,NA,NA,NA,NA,NA,NA,NA
CSWold_Mar13,-2.465180508,-1.808254189,-3.193021848,-2.072885087,-3.4234919,-2.051042241,-0.743575213,1.089420971,-1.04557882,-1.587396689,-1.710452728,-1.60049498,-1.553377428,-0.277363785,-1.634504976,-1.37214951,-0.651739977,-1.053135849,-2.577026834,-1.366587526,0.148186518,-1.5106314,-0.914545066,4.367449489,1.95995778,-2.122703782,-0.747527336,-0.056895993,-0.239163643,-2.33211277,-1.770630483,-0.324671409,-0.043985599,-0.349439593,-2.462846498,0.377570172,-5.368719049,-5.246630769,-4.990833272,-7.202265513,-2.800446257,NA,NA,NA,NA,NA,NA,NA,NA,NA,NA,NA,NA,NA,NA,NA,NA,NA,NA,NA,NA,NA,NA,NA,NA,NA,NA,NA,NA,NA,NA,NA,NA,NA,NA,NA,NA,NA,NA,NA,NA,NA,NA,NA,NA,NA,NA,NA,NA,NA,NA,NA,NA,NA,NA,NA,NA,NA,NA,NA,NA,NA,NA,NA
CSWold_Aug13,-2.623505091,-1.675365223,-1.770371426,-2.834702858,-2.356458784,-2.531899583,-2.581005221,1.751339253,-3.532279602,-4.181174709,-1.872773378,-1.256294875,-3.082712691,-2.573814028,-2.132899512,-2.593554169,-2.406985576,-1.990560156,-1.49661262,-1.176042452,-0.658813008,-1.989873999,-1.591578354,2.798094021,0.817962583,-1.061876151,-0.759484782,-0.052790958,-0.239410407,-3.050823965,-2.688245353,-2.324372118,-1.283750869,-0.193501215,-2.681313356,-1.807049876,-0.994277941,-0.078066957,-1.696449451,-1.174329705,-2.889473563,-5.892487126,NA,NA,NA,NA,NA,NA,NA,NA,NA,NA,NA,NA,NA,NA,NA,NA,NA,NA,NA,NA,NA,NA,NA,NA,NA,NA,NA,NA,NA,NA,NA,NA,NA,NA,NA,NA,NA,NA,NA,NA,NA,NA,NA,NA,NA,NA,NA,NA,NA,NA,NA,NA,NA,NA,NA,NA,NA,NA,NA,NA,NA,NA
CSWold_Dec13,-2.771357293,-1.779934292,-1.921552909,-2.742615324,-2.34684786,-3.005030704,-2.425375284,-0.129072719,-3.172178971,-4.142286578,-2.172810113,-1.378721274,-3.132837472,-2.490388999,-2.398841301,-2.7841613,-2.081563359,-2.13132978,-1.511315254,-1.00815243,-0.863044307,-2.049216031,-1.727976,1.776094043,0.070596905,-1.884204006,-1.171209385,-1.116378985,-0.724778547,-2.856841947,-2.87735391,-2.568292615,-1.541483873,-0.679013786,-2.511218804,-1.616003502,-1.199496839,-0.914496323,-1.174449852,-0.85653125,-1.255578814,-1.988266757,-7.42129092,NA,NA,NA,NA,NA,NA,NA,NA,NA,NA,NA,NA,NA,NA,NA,NA,NA,NA,NA,NA,NA,NA,NA,NA,NA,NA,NA,NA,NA,NA,NA,NA,NA,NA,NA,NA,NA,NA,NA,NA,NA,NA,NA,NA,NA,NA,NA,NA,NA,NA,NA,NA,NA,NA,NA,NA,NA,NA,NA,NA,NA
CSWold_Jul14,-1.291341722,-0.121647932,-1.087025873,-0.870830153,-0.300526655,-1.113986326,-0.607475346,2.901052292,-1.285095203,-2.033689238,-0.278993385,-0.346717004,-2.362136029,-1.021839559,-0.396598813,-1.115373081,-0.45586757,-0.607780971,-1.31234413,-0.034560518,1.348462323,-0.402729304,-0.501756088,2.938740917,2.190805034,0.074868454,1.412756699,0.654047423,0.395412124,-0.998827912,-1.115029675,-1.013209279,-0.436700218,1.566281873,-0.40538942,-0.265174783,-2.321234822,-2.132582881,-3.283208195,-2.883238757,-2.678610997,-1.988974094,-2.372078593,-2.270644209,NA,NA,NA,NA,NA,NA,NA,NA,NA,NA,NA,NA,NA,NA,NA,NA,NA,NA,NA,NA,NA,NA,NA,NA,NA,NA,NA,NA,NA,NA,NA,NA,NA,NA,NA,NA,NA,NA,NA,NA,NA,NA,NA,NA,NA,NA,NA,NA,NA,NA,NA,NA,NA,NA,NA,NA,NA,NA,NA,NA
CSWold_Aug15,-1.431035453,-0.036332429,-1.819919822,-0.874606633,-0.813641702,-1.270810523,-0.800515969,-0.048266854,-1.113381112,-1.624966917,-0.767659284,-0.501013272,-1.528342776,-1.258024719,-0.624683218,-1.360340283,-0.358032569,-0.791763821,-1.49368594,-0.365754308,-0.642568164,-0.811283289,-0.956780368,3.911295503,2.99254736,-0.376818449,-0.558790003,0.035889034,-0.004088604,-1.150448777,-1.602186015,-1.151570352,-0.933423002,-1.251168837,-0.716097385,-0.572618267,-2.301107801,-2.51412351,-3.333540152,-2.701601094,-0.501130175,0.437696544,-2.601156023,-2.44198317,-2.573425935,NA,NA,NA,NA,NA,NA,NA,NA,NA,NA,NA,NA,NA,NA,NA,NA,NA,NA,NA,NA,NA,NA,NA,NA,NA,NA,NA,NA,NA,NA,NA,NA,NA,NA,NA,NA,NA,NA,NA,NA,NA,NA,NA,NA,NA,NA,NA,NA,NA,NA,NA,NA,NA,NA,NA,NA,NA,NA,NA
CSWold_Jan16,-1.185239802,-0.527710321,-1.480952623,-0.797730463,-0.926667134,-1.222174989,-2.810541535,2.331429262,-0.754300452,-1.224932512,-1.204684033,-0.874855211,-1.42883124,-0.539086951,-0.458560939,1.24077392,0.161764183,-1.017657057,-1.553414838,-0.489839697,1.622483187,-0.238734185,-1.07069087,1.706812514,-0.029948472,-1.265207639,-0.080981464,-0.642774005,-0.04559127,-0.544314436,-1.451128865,-0.174939745,0.427507769,1.096521215,-1.259496519,-0.619285445,-1.480437657,-2.611231508,-2.562898246,-2.17287422,-0.994837021,-0.932956656,-2.256196754,-2.086980285,-3.056796365,-1.922546621,NA,NA,NA,NA,NA,NA,NA,NA,NA,NA,NA,NA,NA,NA,NA,NA,NA,NA,NA,NA,NA,NA,NA,NA,NA,NA,NA,NA,NA,NA,NA,NA,NA,NA,NA,NA,NA,NA,NA,NA,NA,NA,NA,NA,NA,NA,NA,NA,NA,NA,NA,NA,NA,NA,NA,NA,NA,NA
CSWold_May16,-0.594273772,-0.52295488,-1.412500688,-0.744015902,-0.824338054,-1.201577609,-1.009357133,1.581116947,-1.17587834,-1.265069809,-0.510844595,-1.089118754,-1.350592088,0.284372779,-0.283119714,-0.900559365,1.98649349,-0.768716692,-0.778046903,0.340724638,3.243694888,-0.342755351,-0.359121287,1.838081172,1.27386678,-1.279046023,-0.452802585,-1.003873344,-0.25429033,-0.497268356,-1.38247941,-0.134873727,0.44586682,1.740446589,0.280666111,1.647703445,-1.309670932,-2.556341058,-1.922686375,-1.741655352,-0.952088412,-0.94448274,-1.833864816,-1.668084345,-0.25528751,1.008050706,-0.143448462,NA,NA,NA,NA,NA,NA,NA,NA,NA,NA,NA,NA,NA,NA,NA,NA,NA,NA,NA,NA,NA,NA,NA,NA,NA,NA,NA,NA,NA,NA,NA,NA,NA,NA,NA,NA,NA,NA,NA,NA,NA,NA,NA,NA,NA,NA,NA,NA,NA,NA,NA,NA,NA,NA,NA,NA,NA
CSWold_May17,-1.779819,0.304502978,-0.646748781,-0.578934489,-0.135854169,-0.842859997,0.265385416,1.326664843,0.071318068,-0.338238147,0.058688777,-0.299505505,-1.360714879,-0.203710176,-0.070664035,-0.803192474,-0.189757871,-0.017461572,-0.89583525,0.212482303,1.062713759,-0.118990032,-0.318175837,2.953823475,1.753461047,-0.340231657,0.125192528,-0.000999128,-0.116232456,-0.335905922,-0.642816308,-0.926908828,0.225366261,0.940218781,-0.118687789,-0.050183621,-2.295487655,-2.621727273,-3.496450263,-2.677275163,0.107424174,0.812281931,-2.718494485,-2.575832111,-4.171433913,-0.588790057,-1.712859351,0.712630473,NA,NA,NA,NA,NA,NA,NA,NA,NA,NA,NA,NA,NA,NA,NA,NA,NA,NA,NA,NA,NA,NA,NA,NA,NA,NA,NA,NA,NA,NA,NA,NA,NA,NA,NA,NA,NA,NA,NA,NA,NA,NA,NA,NA,NA,NA,NA,NA,NA,NA,NA,NA,NA,NA,NA,NA
N08A_Apr11,-4.747900033,-1.599587217,-0.310623929,-1.999239243,-3.313442598,1.76719248,-2.80668368,1.429464322,0.296756985,0.353849597,-4.955432806,-1.184854192,-2.477687597,-2.698465474,-2.738097202,-1.133882146,-3.081242156,-1.91631806,-2.933572138,-2.098919757,0.766735077,-2.187826964,-0.826294229,1.800716446,1.979981664,-3.150834139,-2.329546709,-0.643609732,-0.791969079,-4.018880959,-4.746483714,-2.293764396,-0.872294447,1.992317483,-2.688200403,-2.067195682,-3.802906717,-3.97320142,-2.536461413,-2.662050445,-1.639383226,-1.013851453,-1.960795261,-2.139398808,-1.145806403,-1.842973157,-4.423817612,-3.780074531,-0.387552162,NA,NA,NA,NA,NA,NA,NA,NA,NA,NA,NA,NA,NA,NA,NA,NA,NA,NA,NA,NA,NA,NA,NA,NA,NA,NA,NA,NA,NA,NA,NA,NA,NA,NA,NA,NA,NA,NA,NA,NA,NA,NA,NA,NA,NA,NA,NA,NA,NA,NA,NA,NA,NA,NA,NA
N08A_Jul11,-2.334395724,-0.785712583,-0.483785722,-0.889291139,-1.323192523,0.20258005,-2.563132616,-0.427289644,-0.070518236,-0.052460855,-4.402983381,-0.533896052,-1.380859498,-0.802961918,-2.661223705,-1.280818555,-0.465475783,-0.70773811,-1.794635939,-1.31628365,-0.66563644,-2.283271445,-0.784430525,3.380997956,0.229922176,-2.359133828,-0.604272002,1.008435622,-0.887330322,-1.949500069,-1.949281898,-0.380740346,-0.083621803,0.353535349,-2.283886477,-1.311048882,-4.616698791,-4.226202798,-3.267614964,-2.9901225,-1.417441603,-1.357088074,-3.590257065,-3.830707285,-4.132897424,-4.027416005,-2.033251403,-1.556831832,-2.485266402,-3.636259672,NA,NA,NA,NA,NA,NA,NA,NA,NA,NA,NA,NA,NA,NA,NA,NA,NA,NA,NA,NA,NA,NA,NA,NA,NA,NA,NA,NA,NA,NA,NA,NA,NA,NA,NA,NA,NA,NA,NA,NA,NA,NA,NA,NA,NA,NA,NA,NA,NA,NA,NA,NA,NA,NA
N08A_Aug11,-4.697796688,-0.760096804,-0.722723394,-1.915703493,-3.545998712,1.580085088,-1.840384727,0.760759508,0.326870999,0.425041244,-4.022050398,-0.913043398,-1.924865967,-2.921038416,-2.316656354,-0.666783675,-2.932896105,-1.43238296,-2.505080541,-1.550149086,-0.219712229,-2.099424532,-0.919298364,2.824398913,2.670820055,-2.376943048,-0.349783134,2.20716827,-0.334439389,-4.047134529,-4.835454365,-2.242074215,-2.828135805,0.931527312,-2.532136192,-2.236513351,-3.801993597,-4.015358976,-2.670256023,-2.629698516,-1.222823695,-0.818320796,-2.190875395,-2.470434385,-1.274006772,-1.964208432,-4.364100837,-3.447600586,-0.365360285,0.567029413,-5.099767559,NA,NA,NA,NA,NA,NA,NA,NA,NA,NA,NA,NA,NA,NA,NA,NA,NA,NA,NA,NA,NA,NA,NA,NA,NA,NA,NA,NA,NA,NA,NA,NA,NA,NA,NA,NA,NA,NA,NA,NA,NA,NA,NA,NA,NA,NA,NA,NA,NA,NA,NA,NA,NA
N08A_Aug12,-2.495483546,0.655710124,-0.64981221,-1.961582168,-1.701498809,2.082420255,-1.322793095,2.506957824,0.448655248,1.202837136,-1.908748071,-1.741894535,-0.705688771,-1.532876771,-0.925474376,-0.600356643,-1.117406265,0.32841062,-1.883275032,-0.945544577,2.24825561,-0.842727686,-1.401215404,3.748746478,3.239652463,-1.174355673,2.108708308,0.854355133,-0.20101404,-2.996837859,-3.483966705,-1.300934675,0.102230303,1.164763908,-1.31354031,-0.667055871,-1.92489276,-2.664142851,-2.590006877,-2.030319114,0.43124889,0.516161229,-2.306490083,-2.245521939,-2.399476818,-1.966958288,-2.433462323,-1.707835125,-2.295192163,0.0869754,-0.58901681,-0.592672997,NA,NA,NA,NA,NA,NA,NA,NA,NA,NA,NA,NA,NA,NA,NA,NA,NA,NA,NA,NA,NA,NA,NA,NA,NA,NA,NA,NA,NA,NA,NA,NA,NA,NA,NA,NA,NA,NA,NA,NA,NA,NA,NA,NA,NA,NA,NA,NA,NA,NA,NA,NA
N08A_Mar13,-1.480041239,-0.277727616,-0.642888962,-0.802097439,-0.964658017,0.377538437,-1.535723301,2.872898185,-0.409351526,-0.096514273,-1.118704246,-1.549058895,-1.213232861,-2.237235986,-1.28811771,-1.020750512,-0.833089053,-0.588351065,-2.528412482,-2.242951858,1.386281701,-1.163190484,-0.86378035,3.831512538,2.798693672,-1.34950111,0.175955294,1.460476669,0.59878419,-2.458106899,-3.169533931,-1.244687273,-0.64294058,0.912133093,-1.328418434,-0.791186222,-1.964280514,-2.826426248,-2.979538817,-2.511802473,-0.722301415,-0.267632611,-1.682634376,-1.779020629,-0.485974074,-0.836201056,-1.686655732,-1.030903434,0.130643146,-2.282504514,-3.316850274,-4.331039338,-2.451322375,NA,NA,NA,NA,NA,NA,NA,NA,NA,NA,NA,NA,NA,NA,NA,NA,NA,NA,NA,NA,NA,NA,NA,NA,NA,NA,NA,NA,NA,NA,NA,NA,NA,NA,NA,NA,NA,NA,NA,NA,NA,NA,NA,NA,NA,NA,NA,NA,NA,NA,NA
N08A_Aug13,-1.584342946,-0.987263793,-0.69360162,-1.108223907,-0.265933549,-0.266801845,-0.898884656,2.735726401,-0.695200142,-1.610281393,-1.410158621,-0.676045662,-1.017621207,-0.674069111,-1.621233012,-1.560332945,-0.039924759,-0.982137423,-1.206595226,-0.291608062,1.737230117,-1.76458489,-1.109781326,1.138680608,-0.274915744,-2.961023786,-0.898745756,-0.877282831,-0.857429828,-1.781626634,-1.270178123,-0.147584549,-0.232293523,0.860677404,-1.532283459,-1.136930135,-1.536836096,-2.563368687,-2.504186458,-2.109070169,-1.538077902,-1.801342934,-3.117805231,-3.271070081,-1.385051745,-1.438827712,-1.005739273,-0.998583619,-2.374124773,-0.956873923,-0.710472558,-4.416320818,-1.391059259,-1.972099036,NA,NA,NA,NA,NA,NA,NA,NA,NA,NA,NA,NA,NA,NA,NA,NA,NA,NA,NA,NA,NA,NA,NA,NA,NA,NA,NA,NA,NA,NA,NA,NA,NA,NA,NA,NA,NA,NA,NA,NA,NA,NA,NA,NA,NA,NA,NA,NA,NA,NA
N08A_Dec13,-3.289387553,-0.527437712,-0.490783917,-0.658865735,-0.935583081,1.226898792,-1.902303546,0.890311776,0.503569215,0.825839373,-3.814880412,-1.250294814,-1.678940374,-3.846954584,-3.27212249,-1.219517,-2.694475053,-0.764068805,-2.779481449,-2.553643496,-0.225957272,-1.999127279,-1.12455888,2.229525466,2.141436954,-2.764805994,-1.396909874,0.176461876,-0.801782096,-3.580163458,-5.141118874,-3.07670727,-3.650594457,1.025816061,-2.391803543,-1.507873278,-3.410830514,-3.524423815,-2.339612818,-2.349126056,-0.691391492,-0.056174871,-2.879285895,-2.963735397,-3.33426391,-3.279791742,-3.492925869,-3.721278397,-3.978276517,-0.713851858,-2.681597687,-2.87506709,-3.759908048,-2.948217149,-2.413029073,NA,NA,NA,NA,NA,NA,NA,NA,NA,NA,NA,NA,NA,NA,NA,NA,NA,NA,NA,NA,NA,NA,NA,NA,NA,NA,NA,NA,NA,NA,NA,NA,NA,NA,NA,NA,NA,NA,NA,NA,NA,NA,NA,NA,NA,NA,NA,NA,NA
N08A_Jul14,-0.764942507,0.449034661,-0.807770399,-0.583588378,-0.78511109,0.616673302,-1.127427027,4.646356853,0.531777467,1.346539991,-0.588240137,-0.91063677,0.15145414,-1.3140561,-1.704336652,-1.227516711,0.347140661,0.759755824,-1.552983185,-1.719152345,3.215852647,-1.843699454,-1.245654188,2.3865714,1.775616806,-1.004843241,-0.484247296,-0.982511716,0.327118602,-1.463402425,-1.815072057,-0.14966761,-0.434221568,1.093400045,-1.073331263,-0.458084492,-1.302254812,-2.129693619,-3.097101424,-1.416712622,0.955632455,1.402426916,-2.527043603,-2.482598018,-2.706671958,-0.874575356,-1.352882672,-1.147442767,-1.121495085,-4.043541539,-3.547387268,-4.218588856,-3.169888348,-3.634041491,-2.840419562,-3.482547913,NA,NA,NA,NA,NA,NA,NA,NA,NA,NA,NA,NA,NA,NA,NA,NA,NA,NA,NA,NA,NA,NA,NA,NA,NA,NA,NA,NA,NA,NA,NA,NA,NA,NA,NA,NA,NA,NA,NA,NA,NA,NA,NA,NA,NA,NA,NA,NA
N08A_Jan16,-0.979854037,-0.467755519,-1.336094692,-0.858728704,-0.942599936,-1.671962371,-1.675046537,0.0390022,-1.194755854,-1.494952603,-0.889774016,-0.811729359,-1.568384863,-1.363024277,-1.340845593,-1.016562564,0.581423553,-0.648107037,-1.897907181,-1.288207662,-0.600970103,-1.089640264,-0.688301745,3.253548656,0.069667692,-2.050900118,-0.256124262,-1.78708976,-0.455234797,-1.916035998,-2.123252535,-0.729606969,-1.406753408,-0.094617055,-1.241270197,-1.348788232,-2.352604596,-3.055458475,-3.875221196,-2.985178659,-1.621859456,-2.132992974,-2.258116005,-2.20943476,-0.577495265,-0.796860022,-1.286535283,-0.751043883,-0.035657613,-5.203452,-4.643627765,-5.462693303,-3.737275823,-4.484576537,-1.309993326,-4.473175304,-2.738072909,NA,NA,NA,NA,NA,NA,NA,NA,NA,NA,NA,NA,NA,NA,NA,NA,NA,NA,NA,NA,NA,NA,NA,NA,NA,NA,NA,NA,NA,NA,NA,NA,NA,NA,NA,NA,NA,NA,NA,NA,NA,NA,NA,NA,NA,NA,NA
N08A_May16,-0.904690212,-0.346095656,-1.303208308,-0.927930062,-0.920047229,-1.361543117,-1.367983608,-0.874814582,-0.620614884,-0.705104107,-0.904078114,-1.159479263,-1.419801923,-1.158742062,-1.084527439,-1.08649528,0.65527868,0.098980793,-2.102505114,-1.32257708,-0.767960479,-1.157970982,-1.105173984,3.814187018,2.922994089,-1.781281274,-0.174197958,-0.495434347,1.000723995,-1.823632225,-2.038984558,-0.971939262,-0.340914513,-1.322201778,-1.201076876,-1.447986068,-2.171841662,-2.547860659,-3.413020266,-2.791271424,-0.737235317,-0.460860739,-2.664717229,-2.57134895,-1.745419949,-1.129059737,-1.052587562,-0.108625184,-1.545889397,-4.86891353,-4.308563013,-4.95517395,-3.619266843,-3.920548327,-1.146551639,-4.236819004,0.095316803,-0.353487405,NA,NA,NA,NA,NA,NA,NA,NA,NA,NA,NA,NA,NA,NA,NA,NA,NA,NA,NA,NA,NA,NA,NA,NA,NA,NA,NA,NA,NA,NA,NA,NA,NA,NA,NA,NA,NA,NA,NA,NA,NA,NA,NA,NA,NA,NA
N08A_May17,-0.825358153,-0.193356205,-1.380497417,-0.956623147,-1.530356897,-1.423008026,-0.551675612,2.948058556,-0.784173723,-1.403253455,-0.050637028,-1.135993638,-1.233259939,-0.645008184,-0.191096673,-0.807873229,-0.215703906,-0.717235749,-1.981512401,-0.797834437,3.386720465,-0.741755598,-0.075181237,4.162795824,2.920962565,-0.420220873,-0.244140959,0.878160276,0.24718359,-1.933143764,-1.821190362,0.159209527,-0.080314183,2.513639322,-1.040847496,-1.503163532,-2.592547169,-3.082023909,-3.589724884,-2.954175153,-1.618946717,-1.663882069,-2.805652081,-2.745591226,-1.681029024,-1.52255657,-1.590893931,-0.558235507,-1.164480469,-4.775568885,-4.668029994,-5.352958788,-4.384415744,-5.116808565,-1.001144275,-4.305022918,-2.623996728,-1.67873705,-1.868290205,NA,NA,NA,NA,NA,NA,NA,NA,NA,NA,NA,NA,NA,NA,NA,NA,NA,NA,NA,NA,NA,NA,NA,NA,NA,NA,NA,NA,NA,NA,NA,NA,NA,NA,NA,NA,NA,NA,NA,NA,NA,NA,NA,NA,NA
N08B_Apr11,-3.609973953,-1.91121721,0.554366659,-0.562740377,0.627918462,2.609077129,-0.731477279,0.813624071,1.361927342,0.403141393,-3.336292384,-0.994264291,-2.372326328,-2.121813586,-2.544471137,-0.493807047,-1.622263555,-1.824015175,-1.499545287,-1.172774454,0.348203778,-2.151568032,-1.167484328,3.026768135,0.368783375,-2.989985136,-0.660781302,1.347856775,-0.783420396,-3.065446937,-3.793281688,-1.204188142,-0.640877867,1.705842299,-2.007073385,-3.085387311,-3.278488673,-3.445276597,-2.762405842,-2.927609136,-2.421245834,-2.560117576,-3.228963463,-3.15425033,-2.348534894,-2.720341259,-1.857471274,-1.735959232,-1.695786738,-0.469652681,-0.804389507,-1.892668981,-1.809045075,-2.454232881,-5.572955685,-1.061674591,-3.544159694,-3.664173919,-3.576174897,-3.077265879,NA,NA,NA,NA,NA,NA,NA,NA,NA,NA,NA,NA,NA,NA,NA,NA,NA,NA,NA,NA,NA,NA,NA,NA,NA,NA,NA,NA,NA,NA,NA,NA,NA,NA,NA,NA,NA,NA,NA,NA,NA,NA,NA,NA
N08B_Jul11,-0.474199134,0.399537632,-1.373708426,0.056800418,1.271526888,1.734410326,-0.212144833,2.362183515,0.903008572,0.20475467,-0.416808992,-0.146148521,-0.707725573,-0.104381821,-0.878237344,-0.55950545,1.84779347,-0.619368963,-1.448792629,-1.543913062,2.169267748,-0.663541625,-0.902884676,2.489393006,0.045004628,-0.167217818,-0.425686723,0.230068185,-0.651775175,0.477619474,0.386044328,-0.364281892,0.465964232,1.480711091,-0.911268717,-0.637143696,-1.16276376,-2.296313637,-2.882725277,-2.315209553,-0.804021901,-1.370508057,-1.758892703,-1.747697316,-0.374548028,-0.564754255,-0.500935186,-0.523540242,0.158434083,-3.081770192,-1.956182515,-5.124270632,-0.993878468,-1.553532519,-3.010676873,-2.282478473,-0.963859449,-0.584631245,-0.47228959,-0.700994268,-6.70655995,NA,NA,NA,NA,NA,NA,NA,NA,NA,NA,NA,NA,NA,NA,NA,NA,NA,NA,NA,NA,NA,NA,NA,NA,NA,NA,NA,NA,NA,NA,NA,NA,NA,NA,NA,NA,NA,NA,NA,NA,NA,NA,NA
N08B_Aug12,-0.812039305,-0.39400866,-0.258380536,-0.618480541,0.971037237,1.146241714,-0.403735106,2.85475496,-0.613701123,-1.751427979,-0.606926802,-0.701369034,-0.903606944,-1.276493065,-1.358366119,-1.080108585,0.425302243,-0.785557605,-1.239317429,-0.848390442,1.645775581,-1.182383014,-0.801816177,2.298010826,-0.038160506,-1.666272409,0.070524554,-1.173329291,-0.902265427,-1.989693787,-2.510146525,-0.475524078,-0.683220143,1.259318296,-0.863212564,-0.962365944,-1.287800173,-2.322374108,-3.023359027,-2.42616467,-1.434194887,-1.850973751,-2.787804039,-2.557794336,-1.166757263,-1.029929776,-0.650472589,-0.999489714,-1.481809728,-1.263938131,-0.615666015,-3.723820281,-2.076973924,-0.593902285,-2.168281026,-1.097313759,-1.421779832,-1.529187451,-1.251222755,-0.711580808,-3.216804279,-2.217905158,NA,NA,NA,NA,NA,NA,NA,NA,NA,NA,NA,NA,NA,NA,NA,NA,NA,NA,NA,NA,NA,NA,NA,NA,NA,NA,NA,NA,NA,NA,NA,NA,NA,NA,NA,NA,NA,NA,NA,NA,NA,NA
N08B_Mar13,-1.200170249,0.206658955,-0.820879788,-1.692440267,0.392132867,1.303702318,-1.008413852,3.704163693,-0.145944771,-0.15193843,-0.85628667,-1.092093959,-0.983307426,-1.445215125,-1.392033734,-1.323538261,-0.250502235,-0.47166381,-1.75600189,-1.37958812,2.579007065,-1.146161705,-1.213134362,3.173557477,0.011469352,-2.216310922,0.253370427,-0.204111136,-0.609112923,-2.050334936,-2.40569317,-0.897305349,-0.962570537,1.480115482,-0.480244171,-1.175122104,-1.998868902,-2.508286696,-3.120317414,-2.725366644,-0.557780503,-0.934973629,-2.719943284,-2.839634478,-1.684171392,-1.580431846,-0.580696869,-0.558998149,-1.108539985,-1.598960307,-1.223929229,-5.196735043,-1.22593998,-1.103862369,-3.708261743,-3.03014526,-1.762670644,-0.866135029,-0.699080443,-0.542493123,-5.94804149,-3.153034345,-2.618499361,NA,NA,NA,NA,NA,NA,NA,NA,NA,NA,NA,NA,NA,NA,NA,NA,NA,NA,NA,NA,NA,NA,NA,NA,NA,NA,NA,NA,NA,NA,NA,NA,NA,NA,NA,NA,NA,NA,NA,NA,NA
N08B_Aug13,-3.356164185,-0.49990254,-0.599320864,-0.883121317,-1.073789471,1.074133854,-2.184402626,3.447233507,0.315234307,0.639368093,-3.926861105,-0.983414473,-1.644505473,-2.679820649,-2.604123726,-1.857251709,-2.505801675,-0.883127149,-2.344587474,-2.356499067,0.464932351,-2.316780736,-0.151155097,3.278618777,0.244632773,-2.763182715,-1.283636247,-1.189437928,-0.76977247,-3.297821421,-3.837207027,-2.222231364,-1.543020462,1.062517002,-2.322936644,-1.911861008,-3.337165454,-3.633445643,-3.16992187,-2.940362715,-0.559029476,-0.418932753,-3.278724427,-3.535500519,-3.458622541,-3.079773093,-1.216359987,-0.818019864,-3.60326375,-3.040734084,-3.175209909,-3.654976935,-4.333998798,-2.151708071,-0.969867342,-6.543352361,-3.146662862,-4.234040235,-3.958097741,-4.142653673,-1.318068329,-1.76308059,-1.171514256,-1.561550756,NA,NA,NA,NA,NA,NA,NA,NA,NA,NA,NA,NA,NA,NA,NA,NA,NA,NA,NA,NA,NA,NA,NA,NA,NA,NA,NA,NA,NA,NA,NA,NA,NA,NA,NA,NA,NA,NA,NA,NA
N08B_Dec13,-1.287788652,-0.235783062,-0.620520322,-1.268849182,0.52093341,0.862409107,-0.963582609,1.993510921,-0.240432348,-0.443608058,-1.059782307,-0.588312058,-0.701938441,-1.187973364,-1.547711055,-1.34479917,-0.464005251,-0.685691656,-1.061499178,-0.434938262,2.154532616,-1.431928663,-1.591480497,2.171570469,0.061670475,-2.368737973,-0.639196692,-0.942231295,-0.700764914,-1.807437475,-2.085085031,-0.548831539,-1.017629972,0.744247178,-1.15920365,-1.092692671,-0.995368844,-1.925840412,-1.795994603,-1.926037197,-0.876173834,-0.947415289,-3.335026744,-2.707565,-1.401180934,-1.363456607,-0.933517646,-1.056800549,-2.369614726,-0.671408048,-0.762995722,-4.610785633,-0.928306122,-1.398422634,-5.705775343,-1.640036975,-2.190851498,-0.997112528,-0.814899216,-0.734811549,-4.635128093,-3.771949134,-3.313963412,-3.20775418,-0.744213319,NA,NA,NA,NA,NA,NA,NA,NA,NA,NA,NA,NA,NA,NA,NA,NA,NA,NA,NA,NA,NA,NA,NA,NA,NA,NA,NA,NA,NA,NA,NA,NA,NA,NA,NA,NA,NA,NA,NA
N08B_Jul14,-0.66688554,1.09844034,-1.162733842,-0.069328975,1.114166351,1.277403867,-0.597369049,5.366377165,0.641810148,0.607740615,-0.314887808,-0.551395841,0.5406782,-0.736932699,-1.12685305,-1.228198524,1.154051911,0.667662324,-0.882786584,-0.771023701,3.606082479,-0.828818063,-1.274537313,1.877695312,0.270481294,-1.357123399,-0.962659566,-1.110862932,-0.4315741,-0.592431654,-1.617834558,1.174115653,0.964641318,1.887919772,-0.16402391,-0.744662746,-0.071303999,-0.994442785,-2.817082625,-1.975898619,0.61077535,0.866186575,-2.128865095,-2.294035175,-1.226688527,0.016239239,0.412953148,-0.024966909,-0.810242,-3.713243316,-3.098090763,-4.25418856,-1.914176688,-1.437972294,-4.489648922,-3.346347699,0.008665718,-0.384870726,-0.275536127,0.231797935,-3.608431033,-3.576973715,-4.607350717,-3.967029016,-3.025657003,-4.550088563,NA,NA,NA,NA,NA,NA,NA,NA,NA,NA,NA,NA,NA,NA,NA,NA,NA,NA,NA,NA,NA,NA,NA,NA,NA,NA,NA,NA,NA,NA,NA,NA,NA,NA,NA,NA,NA,NA
N08B_Jan16,-0.935551111,0.48794478,-0.905939827,-0.580879839,-0.216665653,1.128735712,-1.005741671,2.690544948,0.671132883,1.679541506,-0.262419614,-0.814663899,0.336160957,-0.726257123,-1.310206659,-1.535292978,0.721259451,1.085128344,-1.992504674,-1.366233648,1.666795879,-0.806365977,-0.933022225,1.85921164,0.37705958,-1.686483011,-0.456222286,-1.351887672,-0.374806477,-1.908992434,-1.997267954,-0.064985318,-0.025619073,0.382005388,0.646817384,-0.549480281,-1.431952878,-2.874931116,-3.694878642,-1.501962976,1.032278072,1.268046119,-2.877962206,-2.82190794,-1.663399382,-1.375886827,0.017956308,-0.653200921,-1.350368,-4.605317708,-3.766403349,-4.857911281,-2.098479481,-2.608791308,-3.673221933,-3.922115442,-0.232201566,-0.130206811,-0.098658024,0.185375131,-4.157765544,-1.9260768,-4.200855513,-4.068164567,-3.420727783,-4.197345026,-3.952002411,NA,NA,NA,NA,NA,NA,NA,NA,NA,NA,NA,NA,NA,NA,NA,NA,NA,NA,NA,NA,NA,NA,NA,NA,NA,NA,NA,NA,NA,NA,NA,NA,NA,NA,NA,NA,NA
N08B_Jun16,-1.055833478,0.51281953,-1.148210017,-0.548312242,-0.415548387,0.93107487,-1.04076954,3.005680581,0.75248889,1.195740401,-0.743421451,-0.421423389,0.460492205,-0.70315877,-0.762351459,-0.971231181,0.72734455,0.496126147,-1.192922179,-1.589790125,1.801540447,-1.316726018,-1.686685201,1.581461296,0.197969719,-1.930285506,-0.809048943,0.178351622,0.257959681,-0.477183527,-2.036001338,0.321490105,0.848949425,0.413818342,-0.638298971,-0.529061383,-0.212209527,-1.361604389,-3.598578928,-1.80481025,1.038830085,1.182802989,-2.142087201,-2.028383576,-0.408228002,0.299226886,0.106437593,-0.774627977,0.203414612,-4.732620497,-4.207903248,-5.022772668,-2.014820812,-3.26376294,-3.415337739,-4.174534254,-0.070767112,-0.508334558,-0.488025796,0.083296472,-4.183506791,-1.381508396,-3.632667281,-2.863684528,-3.755692517,-4.54714475,-1.599065998,-1.63997212,NA,NA,NA,NA,NA,NA,NA,NA,NA,NA,NA,NA,NA,NA,NA,NA,NA,NA,NA,NA,NA,NA,NA,NA,NA,NA,NA,NA,NA,NA,NA,NA,NA,NA,NA,NA
N08B_May17,-0.182376188,0.909420741,-1.282575628,-1.312370859,-0.902119182,1.380129301,-0.756777777,2.484330119,0.635326845,1.440567306,1.215914212,-0.320007217,0.518208321,1.178756181,-0.724969786,-0.055817759,2.115914518,0.867596117,-1.331685821,0.302178933,2.482277024,-0.451365164,-1.321830659,2.388811737,0.241933645,-1.903257821,-0.23295802,0.982788554,0.344969651,-0.192179024,0.630270616,1.297188821,1.004636945,1.093580045,0.061933069,1.6313959,-1.114505126,-2.105120031,-3.655542731,-1.732378482,0.73883293,1.078434303,-2.701006431,-2.820341409,-1.599131068,-0.109952758,-0.435279114,-1.322245688,-0.865291771,-5.792988721,-5.639670999,-6.287507311,-2.450971901,-3.815985395,-3.279719717,-5.57000787,-0.265900775,-0.709397776,-0.149625333,-0.879339791,-5.434923018,-1.442822717,-3.576100909,-2.921944759,-4.603969943,-3.674282133,-2.069732037,-0.942369812,-1.265842261,NA,NA,NA,NA,NA,NA,NA,NA,NA,NA,NA,NA,NA,NA,NA,NA,NA,NA,NA,NA,NA,NA,NA,NA,NA,NA,NA,NA,NA,NA,NA,NA,NA,NA,NA
N08C_Jul11,3.30157698,1.377596505,1.650283617,2.224773327,3.599095849,4.794567571,3.6528278,6.059085135,2.443587672,1.816435821,3.806044233,0.397813629,1.540409632,3.390067958,1.777203056,3.117542623,7.950887442,7.736962381,5.770211791,9.742935272,10.68349965,4.119434741,1.154076491,6.089586764,0.883582033,3.481451436,0.815416241,1.710516843,1.248242125,4.803399868,3.265731272,3.697921058,4.72045334,4.873375929,3.346186849,4.077417389,3.196402966,2.62389541,2.573225085,1.991612147,1.94816723,2.562070105,2.706746986,1.997127633,2.786694002,2.868229313,1.94415662,3.180176159,2.903237494,1.816723287,3.122630424,3.299285226,2.276715267,9.053746125,1.218175035,8.084509154,1.610275863,2.795678687,1.964319254,2.948339548,4.257437694,2.699566647,1.983992038,3.153196132,2.414619736,2.618157734,2.529760914,1.673483072,1.922509569,1.123969347,NA,NA,NA,NA,NA,NA,NA,NA,NA,NA,NA,NA,NA,NA,NA,NA,NA,NA,NA,NA,NA,NA,NA,NA,NA,NA,NA,NA,NA,NA,NA,NA,NA,NA
N08C_Aug12,2.576613525,3.812534534,2.773236671,1.609339989,3.197094618,4.264326165,2.619700536,7.149127438,1.799102986,1.637345608,2.802721403,0.801206768,2.300228187,3.04845425,2.900077409,1.459613316,2.791756733,2.544476755,3.127288394,4.72713289,4.890533969,2.155596308,1.078548589,3.257890918,0.183459932,1.608083723,1.397366096,1.502781023,2.56675014,1.481144285,2.96801726,3.751834042,3.633977748,4.293318138,2.63944276,3.108932519,2.491144946,2.252376898,2.902767743,1.727868165,2.922308672,2.710622316,2.378969833,1.501912017,3.013115235,4.226586309,2.364039481,2.991766885,2.319920243,2.562043737,3.180522953,4.108695203,3.588792448,3.720501417,1.372539067,3.48143749,2.519852668,2.767192101,2.230631901,1.295350779,5.175132182,2.310965136,4.217928356,3.298021937,2.90814681,1.968744945,4.010072281,2.267450023,2.498230472,1.695414199,1.811603276,NA,NA,NA,NA,NA,NA,NA,NA,NA,NA,NA,NA,NA,NA,NA,NA,NA,NA,NA,NA,NA,NA,NA,NA,NA,NA,NA,NA,NA,NA,NA,NA,NA
N08C_Mar13,1.849742264,1.934906846,-0.715446658,-0.441927991,2.703648474,1.153125948,1.400469132,5.664971956,0.777340565,0.002134067,2.393740862,-1.984219064,-1.049710968,-0.564283056,-0.128952255,-0.168762484,1.212631344,-0.378764283,-0.655059251,1.022083643,2.920668105,-0.141243365,-0.133479531,0.108290402,-0.226072874,-1.389851504,-0.407108272,-0.339647752,-0.324626415,-2.285399632,0.566867517,1.901228426,1.455861705,2.671917009,1.105956956,2.01294094,1.209582087,0.400899733,0.289915934,0.396859147,0.992896227,1.631381586,0.490726045,-0.143591411,1.306684867,1.643454946,0.36105667,1.342627556,1.363941158,-1.819314908,0.840645175,0.136943548,2.347429342,2.538561872,-0.47281729,-1.219795457,0.650102415,0.95837559,0.732626989,2.084709929,0.03499227,0.754275514,1.607555422,2.142737033,-0.843071484,0.474458939,1.17051609,-0.566784759,-0.057330402,0.042775192,4.1164599,0.740703355,NA,NA,NA,NA,NA,NA,NA,NA,NA,NA,NA,NA,NA,NA,NA,NA,NA,NA,NA,NA,NA,NA,NA,NA,NA,NA,NA,NA,NA,NA,NA,NA
N08C_Aug13,2.854092439,0.661365672,-0.125197336,-0.011093585,2.080287651,1.950796178,2.511030132,7.132605073,1.203526078,1.049936234,2.883296209,-0.733669549,2.504264267,3.687827297,0.971120325,0.906767681,3.679782694,2.980731927,2.460127544,3.755276066,5.109617066,1.418558156,0.089317295,1.417988723,-0.063701776,-0.010275114,0.06871526,1.757925189,0.529322642,1.013527891,2.783343482,5.518366383,4.84023442,5.200867977,3.854289064,4.454458545,1.692043302,3.868823188,2.715493099,2.781035612,1.890531869,3.141733221,4.660328203,2.220809673,3.860758278,5.175588679,2.249679524,1.940970525,3.901574222,0.092451517,2.245940634,2.577729252,2.912006295,2.287226795,0.186093048,0.602103767,1.318392632,1.923608281,2.734801929,2.70485091,2.796801511,2.498804301,1.62104713,2.335018181,0.931125126,1.958490934,3.81682173,1.168875124,1.304842637,0.640229297,1.732092431,-1.493600548,1.850330479,NA,NA,NA,NA,NA,NA,NA,NA,NA,NA,NA,NA,NA,NA,NA,NA,NA,NA,NA,NA,NA,NA,NA,NA,NA,NA,NA,NA,NA,NA,NA
N08C_Dec13,3.159142865,0.235671214,-0.309373062,-0.023625084,1.365124526,2.346629134,2.630800174,4.690089649,0.185696071,0.237926896,3.684526588,0.028694691,1.364016747,1.107277547,0.502041884,0.668823752,3.364915455,1.749400808,2.164467382,1.950700982,3.20590087,0.839637366,1.56279991,0.834625227,0.101115048,0.017312793,-0.371195966,-0.161694375,-0.733452335,0.34139656,1.937548876,3.203219574,2.415765704,3.048834856,2.136983079,4.284117366,0.987690526,2.189766811,1.494552946,1.674328292,1.17288846,2.249313044,2.175425387,1.191275338,2.486025321,3.294991787,1.893708602,2.652528655,2.170808707,0.090344853,3.236176169,3.441645063,2.672851931,3.690193812,-0.420900295,-0.323432624,-0.134487742,0.363276207,2.263497007,2.952099758,2.480547928,2.100432926,0.249696971,1.874161945,1.353354013,1.681772193,1.218822413,0.442208374,0.900263741,1.883911491,2.652657248,0.56314992,0.204529968,0.255314261,NA,NA,NA,NA,NA,NA,NA,NA,NA,NA,NA,NA,NA,NA,NA,NA,NA,NA,NA,NA,NA,NA,NA,NA,NA,NA,NA,NA,NA,NA
N08C_Jul14,5.592445118,1.538058687,1.325284193,1.241098238,3.450176609,4.835007051,4.171979596,6.679698014,0.740611353,0.488338051,5.593046169,1.624552106,2.42696016,2.838410906,1.397270025,1.496879354,3.889976415,3.170609673,2.274110205,3.708322315,4.264335632,1.59059428,2.456101742,1.584949635,0.330909956,0.444642458,-0.267633917,1.851741494,0.875438932,1.148953739,2.777031203,5.554468504,3.82560613,5.356343503,5.001786903,5.790568454,2.147289304,3.205563641,2.947330032,1.792898182,1.818792653,3.847647658,2.906686218,1.447712491,2.925909069,4.298291208,3.563532188,3.01872521,2.668229633,2.152571392,6.107641416,6.641175224,4.052305306,6.417835784,0.653568882,3.379856989,1.242385799,1.982628522,5.18507527,5.428822514,5.225938305,2.485982641,1.367145493,3.424673267,3.558095402,2.265541241,2.762380134,2.072564886,3.595733296,4.002183118,3.016306829,1.107464201,2.321524776,-0.494454081,-2.813749609,NA,NA,NA,NA,NA,NA,NA,NA,NA,NA,NA,NA,NA,NA,NA,NA,NA,NA,NA,NA,NA,NA,NA,NA,NA,NA,NA,NA,NA
N08C_Jan16,4.250443916,1.103819305,0.630639758,0.220823722,3.790617598,3.816011541,3.161481733,4.977755343,1.915015081,1.628559382,5.25121818,1.49774448,1.556498862,2.98561935,2.175618821,2.370365533,4.113485733,1.278826816,2.506230544,3.460553376,3.321386567,2.614698453,0.071757911,1.608173783,0.245168453,0.079191968,2.016577563,1.103482425,1.545931321,1.695179592,3.161212749,4.963866113,5.447010569,2.518790475,3.076157613,6.169245269,2.945046632,3.810783263,3.040435308,2.038274199,3.359170223,3.865209523,2.902295347,2.005007487,3.422806897,4.41845756,2.788571137,3.608190722,2.909203796,1.824762182,5.111176561,3.95987004,3.246857048,4.004303143,0.992636561,2.916845723,2.880750609,2.737566779,4.370092332,3.898731273,3.991926138,2.124137427,1.992655266,2.865359255,4.044786211,1.688706085,2.934781683,2.65911058,2.679163796,2.250120662,2.796329518,3.289554532,0.775439274,1.448771851,0.579010759,0.849341616,NA,NA,NA,NA,NA,NA,NA,NA,NA,NA,NA,NA,NA,NA,NA,NA,NA,NA,NA,NA,NA,NA,NA,NA,NA,NA,NA,NA
N08C_May16,1.353526632,-0.437576812,-0.284008701,-0.227266459,1.476407183,0.844419278,2.282750857,2.925645601,-0.625633477,-0.722720595,1.432576159,2.243884484,2.04882291,2.162818222,0.577945339,0.579099098,3.020542279,2.172996569,1.655788082,3.021881969,1.984660778,1.103877871,1.128110712,2.030171776,-0.14165808,-1.348561514,-0.620934548,0.858148474,0.64919815,0.281867213,1.237547522,3.900990753,1.441582504,1.781961248,2.439123527,3.372948407,1.531334809,1.616511568,2.197435007,1.587011339,1.133923838,1.962042133,2.163437918,1.75100051,2.632199518,3.321791363,0.922266566,1.199783412,1.911445186,0.13998855,2.021844923,3.153797572,3.1089083,2.692790791,0.574257966,0.456371287,2.316474128,0.758468114,3.281856741,2.910494857,2.574593146,1.482311048,1.064705038,1.950510742,2.166090378,1.483826503,2.550285275,1.560279485,2.830451216,3.052184634,2.491517672,1.884135517,-0.047694254,-0.324533845,-0.405090706,0.581137926,1.363531335,NA,NA,NA,NA,NA,NA,NA,NA,NA,NA,NA,NA,NA,NA,NA,NA,NA,NA,NA,NA,NA,NA,NA,NA,NA,NA,NA
N08C_May17,2.015170008,1.057528715,0.147369616,0.629596859,2.281447481,2.366683106,2.485772273,3.218490853,0.899526539,0.841690872,2.076265195,2.113279982,1.494657621,2.392141242,2.473114717,0.933945284,2.070778374,1.342035262,2.261507331,5.004389648,2.949992651,2.110721764,0.211076055,1.589252987,0.371446595,0.233953888,-0.257474679,1.317424469,0.549698638,0.533828865,1.797017252,3.499968334,2.635263621,2.803061248,4.739023606,3.477519775,1.466674962,1.722362662,1.469450475,1.159093878,1.27018252,2.50682267,2.347345943,1.997600624,1.971098195,2.679515618,1.781210569,1.994562376,2.21876467,1.403269487,2.632034929,2.455110533,1.834071313,4.65320323,0.282626365,2.687453334,2.463493304,1.679519039,2.514589326,2.353061423,2.401179352,1.553281598,1.325798662,2.002660751,2.274945829,1.524872207,2.090041281,3.455206027,2.083999359,3.916507176,3.526522863,2.308214653,1.367511895,0.156741526,-0.108913565,0.851525481,1.042784918,2.195746881,NA,NA,NA,NA,NA,NA,NA,NA,NA,NA,NA,NA,NA,NA,NA,NA,NA,NA,NA,NA,NA,NA,NA,NA,NA,NA
QV11_Nov11,0.274910853,2.122639228,-0.365568392,-0.626505103,0.026246553,0.599553194,-0.036322315,0.796214298,-0.315228321,-0.467614939,-0.294169735,0.023477486,-1.097237703,0.914394734,-0.214396198,0.351458733,-0.031593258,-0.788123382,-0.846805937,0.935954378,2.807973716,-0.334753495,-1.158330972,2.770509265,-0.203580634,-2.796904005,-0.510551103,-0.370074157,-1.107895394,-0.045153287,-0.529669279,0.892126443,0.31027905,1.487779148,-0.400032695,-0.627193309,-0.988315998,-2.64657704,-2.67544932,-3.005585378,-0.960404152,-2.059430593,-2.120361966,-2.340064063,-0.394992545,-0.640645804,-0.499453897,-0.126572847,-0.162685826,-0.851043437,-0.940827099,-0.305990066,0.091732753,-0.974562918,-0.921397979,-0.378877162,-0.636029581,-0.679800761,-0.839207376,-0.75272953,0.67075003,0.836594008,-0.21669649,-0.532778876,-0.683479923,-0.627960655,0.01914744,-0.57287759,-0.129891544,-0.543700341,2.013572583,1.264438348,0.281512532,0.469792047,0.542135742,2.091777096,2.68546405,-0.221840993,0.212783988,NA,NA,NA,NA,NA,NA,NA,NA,NA,NA,NA,NA,NA,NA,NA,NA,NA,NA,NA,NA,NA,NA,NA,NA,NA
QV11_Mar12,-4.029884588,-0.085810631,-3.551022514,-2.728932981,-5.161358806,-2.79975408,-5.393163234,0.951265654,-1.164849467,-1.904511989,-4.696737677,-0.138064958,-0.908156928,1.066640999,-1.014585724,-1.315130544,0.958503342,-0.492282097,-1.933366488,-0.511851066,2.529586073,-0.886202334,-0.984149879,2.868739584,-0.114273775,-2.102164626,-0.906089567,-0.137096732,-0.867347109,0.720800781,0.395925837,0.637229829,0.907433667,1.083254779,-0.080312752,0.251552303,-1.169512836,-2.807995939,-4.051693907,-2.796364783,-2.804360679,-2.410364422,-2.392729031,-2.489221501,-0.629422394,-0.956185649,-1.372903164,-0.68187413,-0.338469463,-3.190442511,-2.97032521,-2.608003428,-0.762747265,-1.227940911,-1.846987579,-2.157982461,-0.401111202,-0.636271976,-0.499801687,-0.934724746,-3.59613115,-1.034037384,-1.307202884,-1.258771222,-1.857426558,-1.44738108,-0.613394016,-0.380849947,-0.471887862,-0.295510154,1.859494473,2.732497875,1.129111792,2.294453958,2.525985137,3.776211179,3.524410928,0.913397016,1.454771198,-1.213375715,NA,NA,NA,NA,NA,NA,NA,NA,NA,NA,NA,NA,NA,NA,NA,NA,NA,NA,NA,NA,NA,NA,NA,NA
QV11_Jun12,-4.230477304,-1.69840021,0.03093446,-0.888442524,-0.21494527,0.769625073,0.01049356,2.791852523,-0.828362959,-1.244322419,-0.075306619,-1.565655609,-2.519072948,0.266845092,-1.353476011,-1.02209302,-1.097364949,-2.045250319,-1.272509645,-0.353245828,2.643590377,-1.16342131,-1.438752284,0.591111883,-0.369550811,-2.558275466,-0.959541542,-0.626854396,-1.155054966,-1.387933822,-1.23114909,-0.938401392,-0.182541543,1.623877204,-0.178476811,-0.968533823,-1.157682492,-2.59231969,-2.542661889,-3.24701232,-2.874161647,-2.046991337,-2.000882067,-2.279242364,-0.487479424,-0.793282032,-0.603151001,-0.62877623,-0.161982025,-0.226553606,-0.20135271,-0.17168776,-0.178963053,-0.686117841,-1.115413544,-0.055305955,0.027752383,-1.442892065,-1.200633383,-1.524547294,-0.011346037,-0.405396036,-0.991118002,-0.705053642,-0.271000773,-0.689664427,0.061314123,0.072608945,0.167827159,0.241154694,5.041673559,2.025768456,-1.661493127,0.417863341,0.027108005,1.516813058,1.980011654,0.138145936,0.421572084,-1.24952029,-2.603623838,NA,NA,NA,NA,NA,NA,NA,NA,NA,NA,NA,NA,NA,NA,NA,NA,NA,NA,NA,NA,NA,NA,NA
QV11_Aug12,-4.477232659,-0.034893628,-0.561001826,-1.329198019,-0.927610112,-0.010639642,-0.240499533,0.466785208,-0.567282607,-0.962059926,-0.345834737,-0.266521323,-1.248581997,0.741685941,-1.264477333,-1.152444114,0.273669516,-0.347435044,-1.109977551,-0.517629658,1.979925463,-0.70155199,-0.92040861,0.765141847,-0.414286337,-2.206950658,-0.343780897,-0.875941607,-1.159496093,0.240638334,0.451469065,0.154540682,0.351003231,0.396166661,-0.250710104,-0.644919837,-1.805216162,-3.021907372,-3.118043134,-4.51618331,-3.35702361,-2.529986889,-3.086475808,-3.659589371,-1.545739728,-1.047514851,-0.55356278,-0.708979825,-1.244302865,-1.88401433,-1.521738741,-2.410275418,-2.432633807,-2.394933124,-1.298963168,-1.556200393,-1.881188913,-1.559048176,-1.678117216,-2.178049297,-0.400379241,-0.46694552,-0.885149005,-1.631045025,-2.137361361,-1.253984295,-0.261625933,-0.738263396,-0.412596744,-0.352673159,1.439798354,0.400725689,-0.763173676,0.087462781,0.145180379,1.098618297,1.452677872,-0.042540805,0.199367219,-1.645640351,-2.211490802,-1.845502085,NA,NA,NA,NA,NA,NA,NA,NA,NA,NA,NA,NA,NA,NA,NA,NA,NA,NA,NA,NA,NA,NA
QV11_Dec12,-4.798197452,-0.011918373,-0.299124133,-0.603336105,-0.311494285,0.063134784,-0.134954225,1.14709517,-0.50231963,-0.972810245,-0.25600916,0.048442238,-1.098700835,1.040020462,-0.930061121,-0.734684796,0.752273715,-0.035257065,-0.855451887,0.557992448,2.166830817,-0.684591993,-0.121492812,0.496573068,-0.486129343,-1.246338113,-0.906795257,-0.211375136,-0.967950738,0.708051557,0.884121828,0.972269355,0.734766143,0.344179422,-0.349346694,-0.988724184,-1.353033269,-2.902571814,-3.054400119,-3.576645814,-3.302340511,-2.440786213,-2.589999225,-2.860535008,-0.916442564,-1.330316618,-0.543547755,-0.584994971,-0.387075686,-1.715025711,-1.193013947,-1.543324183,-1.665980472,-2.356300456,-1.549836418,-1.558334838,-0.989253007,-1.733269787,-1.675305069,-1.201536256,-0.703914296,-1.083825075,-1.3060766,-1.971122231,-1.831232238,-1.425354803,-0.476843861,-1.497534636,-0.401931011,-0.906608557,1.746319563,1.239465577,0.923758681,0.616475044,0.404316983,2.296399841,1.411442767,0.61987259,0.874603382,-1.229165064,-3.140018326,-2.372024617,-1.873631683,NA,NA,NA,NA,NA,NA,NA,NA,NA,NA,NA,NA,NA,NA,NA,NA,NA,NA,NA,NA,NA
QV11_Mar13,-5.462693329,-2.485748568,-2.543450378,-2.229114777,-2.729182993,-3.671634016,0.049377411,0.102992521,-0.152582327,-0.438360553,-0.532438496,-2.066441641,-3.03152538,-0.351785768,-1.167138901,-0.979849465,-1.752971896,-3.341894776,-2.499946891,-0.470629436,1.960361959,-1.116139024,-1.81972859,3.925860655,0.122715139,-2.01917504,-0.438239373,-0.116812419,-0.495333105,-3.191970757,-3.42211857,-0.949415322,-0.079113645,0.43783669,-0.745539594,-1.235478639,-3.035248665,-3.446775016,-3.99733879,-3.520746412,-3.828668996,-3.082941511,-2.36161406,-2.686805351,-0.716195263,-1.340519918,-1.305194811,-1.160268218,-0.406310842,-3.137934144,-1.494648137,-3.462446233,-2.058305923,-2.125485927,-1.311517951,-2.686065637,-1.473657691,-2.258076964,-1.865420598,-2.160296099,-1.236931996,-1.005590707,-0.633394353,-0.980256134,-3.163276952,-1.409759846,-0.689774568,-1.100606729,-1.558369217,-1.284821274,10.50021172,3.333650369,4.021975547,3.083904062,2.677882126,4.951253888,4.663427106,1.770544726,4.126639796,-1.509689291,-4.729195627,-1.324349516,-2.085399902,-1.802130759,NA,NA,NA,NA,NA,NA,NA,NA,NA,NA,NA,NA,NA,NA,NA,NA,NA,NA,NA,NA
QV11_Aug13,-1.571774404,-1.17716861,-0.926919957,-1.27585606,-1.36235503,-1.064516661,-2.629727973,1.375241234,-1.697274137,-2.525168661,-1.574151522,-1.087481967,-2.557893727,-1.362971969,-1.556868156,-0.678246376,-1.153751813,-3.135882185,-1.834906868,-0.892848101,0.572874732,-1.462966793,-0.33695714,1.464655988,0.156127031,-1.220734665,-0.068408155,0.324755208,-0.791134365,-1.858373532,-2.919526548,-1.226248732,-0.778833048,0.500466046,-1.683166883,-1.150636356,-2.027506958,-2.860748551,-3.805011842,-3.397706212,-1.755988338,-2.427644446,-3.137895635,-2.804373247,-1.360871589,-1.595504505,-1.295524415,-1.00928794,-0.92872975,-2.334689948,-1.447653115,-1.849834682,-0.841261285,-1.6862581,-0.443627723,-1.150241547,-0.931744205,-1.323567676,-1.180894757,-1.239774487,0.260156968,-0.687725033,0.277232742,-0.875224389,-1.468101863,-0.558577877,-0.17778517,-0.860778298,-0.407562755,-0.356131117,2.744939228,1.861818065,0.028103081,2.017318923,2.324672247,2.568671451,2.497909247,0.464880794,1.174062385,-1.57642389,-1.523627102,-1.205955963,-1.420460356,-1.343203985,-1.844154287,NA,NA,NA,NA,NA,NA,NA,NA,NA,NA,NA,NA,NA,NA,NA,NA,NA,NA,NA
QV11_Jul14,-1.21583072,0.048299512,-0.80299016,-0.646786801,-0.817390454,0.791725661,-2.338351794,1.461416187,0.056782395,0.795925243,-2.523313288,-0.0297828,0.396970991,1.553092226,-0.31008681,-0.09100144,1.306756972,1.232998361,-1.516795241,1.564371727,3.949374321,-0.264369179,-0.106429687,4.27353896,0.826089162,-1.476840271,-0.76200097,-1.214756658,-0.688396407,0.636237783,0.599328045,1.307753038,1.396885968,1.278756945,-0.827527098,0.171617708,-1.483559044,-2.832704695,-3.650148041,-2.021280157,1.022268112,0.900716692,-2.159061158,-2.219994835,-0.594078625,-0.89060034,-0.608822203,-0.441419943,-0.356077901,-1.80336084,-1.861218442,-1.043050498,-0.189757781,-0.701442363,0.210367254,-0.753065728,-0.076025465,-0.586058346,-0.31385195,-0.195624265,1.247403553,1.842257324,1.322231877,0.186495706,-1.03887587,-0.005244669,1.847852827,1.038743416,1.076305838,0.086922399,3.990421182,3.001878737,3.295267658,3.893789899,3.224894884,4.405870322,4.845314893,1.196933775,2.434408252,-0.938915976,-0.449102386,0.189610513,-2.557433429,-2.390527524,-1.185603572,-1.263540526,NA,NA,NA,NA,NA,NA,NA,NA,NA,NA,NA,NA,NA,NA,NA,NA,NA,NA
QV11_Aug15,-1.134373788,-0.055308785,-1.269000326,-0.819399055,-0.738267588,-1.060470368,-1.300804652,2.09745867,-0.11758883,0.562583495,-1.158787731,-1.080044999,-0.890030739,0.102759561,-0.926320769,-0.944194745,-0.116444123,0.178642806,-2.070688511,-1.234946947,2.968510702,-0.752360376,-0.009261003,2.979902257,-0.070261394,-1.83209519,0.698522414,-0.882623721,0.172137476,-1.13846258,-0.636521656,-1.225103024,-0.22189255,1.581646613,-0.582060439,-0.184071557,-0.968571949,-3.141807047,-3.885524658,-2.273445892,0.112741819,-0.616300935,-2.415390664,-2.264883681,-0.434533483,-0.322403488,-0.465456014,-0.245968359,0.127409528,-4.020057223,-3.64515211,-4.218483097,-1.587962765,-0.547878482,-0.649874471,-2.773588203,0.104474734,0.240915938,0.152576606,-0.810570122,-1.978353531,1.191967801,0.497068234,-0.112938954,-2.703088173,-0.365161621,0.764524118,1.274747506,0.450193526,0.607529259,1.339692041,1.828839447,-0.629979034,0.892815705,-0.370023003,0.615112657,1.805219089,0.131554447,0.508178348,-1.308564932,-0.470553367,-0.490498989,-1.34948214,-1.246050245,-1.377713939,-1.635776484,-1.968692168,NA,NA,NA,NA,NA,NA,NA,NA,NA,NA,NA,NA,NA,NA,NA,NA,NA
QV11_Jan16,-1.496727597,0.038503628,-0.977891981,-1.221791475,-0.730079395,-0.89597539,-1.198408668,0.459782401,-0.404345076,-0.564539554,-1.397449687,-0.444003451,-0.717986273,0.22603298,-0.275504571,-1.254466081,-0.246188245,0.033177151,-1.944131289,-0.294948678,2.1088622,-1.105044934,-0.851813683,2.670266565,0.088090417,-1.719205843,-0.240183895,-1.504340871,-0.150071075,-1.624568204,-0.752770695,-0.875722624,-0.071590709,0.900607953,-0.856863655,-0.470554422,-1.084249251,-2.267028095,-2.887779334,-1.706076315,-0.165004139,0.266928425,-1.684895352,-1.900129525,-0.21981344,-0.520618828,-0.049978113,-0.26533934,0.097435871,-3.742091637,-3.361793481,-3.206562612,-0.742420833,-0.184286863,-0.918301728,-2.696819791,0.364407155,0.346703649,-0.698947725,0.352180736,-2.384306858,0.782723438,-0.151762413,-0.419173955,-2.612951712,-0.673677051,0.070345613,-0.028393982,-0.188443205,-0.190987826,3.058979606,2.674990214,1.654731954,1.546021075,0.88995905,1.557745666,2.556995834,1.380440321,0.846689702,-1.65071204,-1.068188573,-0.635029807,-1.891586735,-1.278047609,-1.603550565,-1.663241132,-1.508011794,-2.032150367,NA,NA,NA,NA,NA,NA,NA,NA,NA,NA,NA,NA,NA,NA,NA,NA
QV11_May16,-0.886519576,-0.344522083,-1.301777112,-0.876579356,-0.803434726,-1.594402614,-1.401400252,3.133649425,-0.817029068,-0.676793344,-0.992344787,-1.049292622,-0.622842057,1.40687754,-0.811300719,-1.373222863,0.966665458,0.469290415,-1.122101729,0.048729895,3.196666986,-1.001327218,-0.193239351,4.650579199,0.626706054,-1.092749627,0.012165756,-0.956892731,-0.683520004,-0.436024297,0.546217454,0.468147941,1.151112748,1.410099008,-0.447843938,0.88780225,-1.536575398,-3.247810891,-3.750315423,-3.209556265,-0.791739902,-1.828665982,-2.425388225,-2.674863538,-0.688920114,-0.614885405,-0.459354454,-1.103220938,-0.011742777,-4.041825096,-3.713909068,-4.083016693,-1.727023923,-1.600133108,-1.191896625,-3.115243178,-0.33615122,-0.814190221,-0.640679343,-1.134016684,-2.529127481,-0.162052971,-0.588930353,-0.833438221,-2.888238585,-0.966243363,-0.087318733,0.085735896,0.105594703,0.156737667,3.430423901,2.44233572,2.372062328,2.160965343,1.785789031,2.591855296,4.42928917,0.902719673,1.46107134,-0.964684801,-0.633129224,-0.603794008,-1.084473054,-0.99911945,-0.620875125,-1.706778756,-2.326541377,-1.626124318,-2.237295167,NA,NA,NA,NA,NA,NA,NA,NA,NA,NA,NA,NA,NA,NA,NA
QV11_May17,-1.053746144,1.044179043,-2.238465169,-1.416654113,-4.2315572,-1.046341337,-1.18941316,3.094509508,-0.273294503,0.24362801,-2.12880411,-0.973335282,-0.612399914,1.546727208,-0.167825762,-0.739611515,0.223161981,0.329674534,-1.500273171,1.389295705,4.969026868,-0.595400701,-1.04551295,4.458180037,0.464760149,-1.425775877,-1.387930653,-0.919508607,1.765667353,-0.557992811,0.293673036,0.542439846,0.87871112,2.133939571,-0.591430243,0.399320344,-1.287272341,-2.648589346,-3.592473194,-2.360070656,-0.015086503,-0.36183226,-1.851643814,-2.28868188,-0.5958053,-1.011107323,-0.238455559,-0.137600301,0.007821876,-4.5295042,-3.799984774,-3.677198352,-0.860762421,-1.083193807,-0.600374251,-3.318540636,0.141452336,0.191817062,0.400458069,0.249607942,-1.966555261,1.598590812,0.511877558,-0.116851979,-3.271816255,-0.564668432,1.337556301,1.358043802,1.091433286,0.106259939,3.610388787,2.723297051,2.790114528,1.429830042,1.604802874,2.412189225,3.41170028,0.458852774,0.553516691,-1.203046604,-0.401037524,-0.599142889,-1.236769115,-1.150809724,-1.376614925,-1.797638044,-2.017662929,-2.351322409,-2.974637849,-1.843146318,NA,NA,NA,NA,NA,NA,NA,NA,NA,NA,NA,NA,NA,NA
QV12_Aug12,0.297349118,0.336011795,-1.414253315,0.878899098,-1.931189941,-0.599585283,-0.374477749,0.212401251,-0.503802651,-0.603050689,1.042658139,-1.001686775,-2.172661942,0.174762189,-0.490082426,0.039874307,-0.66056544,-2.714478431,-1.789096052,0.033040632,2.96280817,-0.628483775,-0.641476844,1.463618685,3.29372429,-2.119575658,-0.634929635,-0.753873529,-0.984943389,0.410339529,-0.764809358,-0.369926107,0.842718092,1.895827044,0.315917695,-0.563665386,-0.329480546,-2.461647035,-1.010299782,-0.787313689,-1.73376981,-0.733827615,-1.491320782,-1.12889411,-0.601599471,-0.290400503,0.014261875,-0.734151536,0.322166938,-0.746041767,-0.943066891,-0.729327906,0.4331559,-0.500220608,-1.095358244,-0.323794479,0.53221255,-0.34506117,-0.657709396,-0.925026186,-0.490144457,1.179070769,0.031150334,0.071660731,-0.847908587,-0.305302157,0.958536707,0.704012934,-0.263151467,0.45825772,0.956990678,2.371901282,-1.323122573,0.785348494,1.316959361,1.888562329,2.342693084,-0.214126416,0.073375287,0.26070913,-0.85646875,0.036734109,0.104921528,-0.222028002,-2.449133605,-0.194426836,-0.496183192,-0.531706682,0.430831921,-0.765170683,-0.783491109,NA,NA,NA,NA,NA,NA,NA,NA,NA,NA,NA,NA,NA
QV12_Mar13,-0.800047817,-0.00695018,-0.763648454,-0.598563178,-0.979748011,-0.040410826,-1.217790683,2.709160311,-1.253553362,-1.306905229,-0.114952601,-1.457880624,-0.767494154,-1.036062336,-0.681067323,-1.57252659,-0.536142468,-0.385098922,-1.974888244,-0.745358975,0.315600231,-0.798137392,-1.465375295,2.386216026,-0.04656357,-1.106337363,-0.870079629,-0.922001932,-1.152764365,-0.924369349,-1.067745564,-0.507132176,-0.942856545,0.962601906,-1.175917638,-0.837055183,-0.884124089,-1.671056416,-2.383405566,-2.106501985,-0.354785871,-0.744768047,-1.632822863,-1.8436728,-0.429413143,-0.469170051,-0.538059857,-0.520992194,-0.040339197,-2.581583706,-2.217278157,-3.370969069,-0.725711515,-0.976353674,-1.666921129,-5.137758425,-0.952650736,-0.550682459,-0.736795696,-0.655769447,-2.255461377,-0.867969301,-1.186922887,-2.115089197,-2.450043823,-1.540339733,-1.434449207,-1.651253574,-2.287237805,-0.413152286,7.622743614,3.846250567,0.196558978,1.847582047,1.799915811,2.698205617,2.531391844,0.299965921,1.298402945,-0.86722058,-1.119629624,-0.361807865,-1.153589069,-0.393184408,-2.469701375,-0.772046262,-0.124617037,-0.518760321,-0.285503559,-0.174554524,-0.290935043,-0.69527591,NA,NA,NA,NA,NA,NA,NA,NA,NA,NA,NA,NA
QV12_Aug13,0.107257773,0.383329508,-0.218309075,-0.207522689,-0.081700186,1.738224602,-1.132870945,4.437728639,0.102491849,0.388488182,0.876207739,-0.775089046,-0.622093444,-1.03709556,-1.294010768,-0.926057314,-0.356285779,0.084290745,-0.831744718,-1.628350301,1.265098565,-0.949326534,-1.013010351,0.971565105,0.007711155,-1.071261909,-0.765740223,-0.25850541,-1.199212061,-1.249574213,-1.091532274,0.332323172,-0.625741323,1.464725701,-0.36181544,-0.692068208,-0.30877657,-1.021058639,-1.465799999,-1.260909765,0.469958886,0.196723968,-0.683449669,-1.195490564,-0.1650002,0.366164212,-0.027846846,-0.23341215,0.463254477,-1.092638106,-1.644601825,-1.256614481,-0.837026195,-1.65234208,-1.197320833,-2.258393927,-2.267412606,-0.498262303,-2.013898869,-0.275255864,-0.790633673,-1.213109633,-1.527767814,-1.978284337,-2.443721232,-0.732694211,-1.688183347,-2.421490005,-2.368653915,-1.353547829,7.704066909,3.160469917,-0.680471476,1.785791522,1.431774243,2.942104662,2.840924697,1.762670214,1.759700111,0.574158395,-0.396150637,0.536040466,-0.082418439,-0.06618651,-0.231252194,0.244983176,1.467279262,0.321293917,0.833674948,0.627499274,0.665696526,0.13512532,-5.348676923,NA,NA,NA,NA,NA,NA,NA,NA,NA,NA,NA
QV12_Jul14,-0.264289868,0.269597442,-0.551542201,-0.660264893,-0.371618212,1.187960859,-0.260981317,3.531788861,-0.161830205,0.103808198,-0.133661015,-0.090141316,-0.18314059,-0.222206036,-0.390887085,0.670057664,0.648468939,0.01101363,-0.429638045,-0.102851617,0.838944117,-0.228099308,-0.705363065,2.666798373,0.17787099,-1.542655075,-0.385184515,-0.104094994,-0.307651944,-0.605084479,-0.651071675,0.242150661,-0.172473636,1.039692604,-0.244691165,0.601515564,-0.527834864,-1.040670245,-2.093775219,-1.86551343,-0.014807295,0.187436267,-1.647262586,-1.741486608,-0.427987426,-0.078531083,-0.301192582,-0.204611346,-0.188953435,-1.304931761,-0.465419151,-1.148409563,-0.849449204,-0.991062176,-1.07531444,-1.062367871,-0.564632937,-0.174559531,-0.496555553,0.028389744,-1.723178472,-0.864032132,-1.004930769,-1.195246595,-1.749387111,-0.935140935,-0.948123142,-0.87814291,-1.462710735,-1.25944756,2.289276202,2.851727548,0.485715816,0.996630802,1.148480441,3.406176168,1.73189398,1.141102509,1.725011734,-0.267747979,-0.14529181,-0.074151905,-0.381851678,-0.388888051,-0.68556233,-0.302416316,0.809374421,0.116540507,-0.064309277,0.421903857,-0.091701752,0.908351103,-0.434585761,-0.571559572,NA,NA,NA,NA,NA,NA,NA,NA,NA,NA
QV12_Jan16,0.67462951,-0.049207771,-1.391238301,-0.676743618,-0.91497295,0.043600639,-0.289222104,0.571010009,-0.229912313,-0.063508858,1.751966319,-0.11882109,-0.327764435,-0.396830516,-0.905151239,0.517517305,2.648728232,-0.137989704,-1.440807477,-0.223078488,-0.867541434,-1.212073534,-0.973226247,1.266273066,0.353843058,-1.358359273,0.279415075,0.79642865,-0.119136279,-0.526025488,-0.974159685,1.425935859,-0.337917249,-0.525720769,-0.29369791,3.25227761,-0.702274651,-1.44395709,-2.309633537,-2.185034096,0.466010523,-0.132021814,-1.489560537,-1.548423244,-0.062988967,-0.20127921,0.935213393,0.577504815,0.044116095,-1.884833905,-0.916212312,-1.776428854,-0.425850046,-0.620789139,-1.192333725,-1.615640788,-0.39243116,-0.18117811,-0.269954827,0.05308054,-3.099180277,-0.398434267,-1.015101358,-0.765532714,-1.721269356,-0.914736291,-1.110323078,-1.306434984,-0.524287796,0.125275988,4.280442308,3.271502188,0.132601133,1.646248929,0.860311439,1.586442697,2.996135117,2.45062141,3.36532687,0.403581091,1.728815949,-0.086211933,-0.289059339,-0.527109343,-0.960618643,-0.253842459,-0.01192064,0.41772715,1.101647658,0.682642202,0.022628587,0.510504625,-0.35771733,-0.959718306,-2.242392033,NA,NA,NA,NA,NA,NA,NA,NA,NA
QV12_May16,1.068772163,0.604478344,-1.562512079,-0.208410146,-0.103918871,1.049127981,-0.258362652,3.471644269,0.311191598,0.747136695,2.486516959,-0.19549262,0.041736323,-0.403864942,-0.570440407,0.601702715,2.205578426,0.325148564,-0.824468897,-0.231154354,1.256560504,-0.415072147,-0.747896943,1.238642637,0.265797706,-1.483760316,-0.675982943,-0.256074641,-0.318430843,-0.606352768,-0.897808698,2.507227014,0.552109286,3.617476532,0.344174749,2.660053634,-0.25122598,-0.97680267,-2.087511298,-1.992898515,0.631522461,0.207715211,-1.519141995,-1.573957605,-0.736026217,-0.166863947,1.833809296,0.904188477,-0.766820566,-1.578815841,-0.795089806,-1.350039494,-0.376261603,-0.528791948,-1.9833769,-1.332604128,-0.264559531,0.596138808,0.286683968,1.172594075,-3.15315029,0.243077081,-0.875508092,-0.540452829,-1.35604742,-1.56006858,-0.22051084,-0.535560016,-1.335255158,-0.670597304,1.702538027,2.355793538,0.10487459,1.20269725,1.050284529,1.912069066,2.202314544,1.297766929,3.592728054,1.518034002,1.292693247,-0.111993252,-0.158043095,-0.549911937,-0.929060381,0.012449074,0.694804404,0.657333556,0.43190093,0.628032012,0.337039939,0.752226621,-0.39402649,-1.031651056,-2.248969152,-5.326079152,NA,NA,NA,NA,NA,NA,NA,NA
QV12_May17,-0.037248037,0.384228415,-1.217843344,-0.754076809,-0.149047363,1.02201735,0.015764684,2.37665704,0.431047462,1.422233721,0.415371554,-0.346715064,-0.139408306,-0.665574252,-0.798517059,0.337885304,0.210441534,0.522001153,-1.000292251,-0.651684552,1.926406154,-0.464249162,-0.800739408,2.131930903,0.353645769,-0.803268459,-0.259037495,-0.095107985,0.041742918,-0.748959137,-0.656568786,0.36826544,-0.257811222,2.878661582,0.512113102,0.954113302,-0.546026526,-1.058946578,-1.585712098,-1.584201355,0.673416754,0.769345914,-0.99109662,-0.806450581,-0.052378417,0.069326449,1.052553759,0.578156291,0.247879393,-1.329467348,-0.789953164,-1.245998371,-0.336282382,-0.586162981,-1.186594095,-1.056556388,-0.322262605,0.031155791,0.233280426,-0.034272596,-2.271743429,-0.239789057,-0.979440238,-0.712499524,-1.355535887,-0.750185668,0.280911813,-0.094146742,-0.994895738,-0.823613762,1.794681902,2.214013551,0.159575306,1.120014917,1.02482164,2.139528493,2.685714675,2.470952677,1.633101426,0.693781086,0.863094686,-0.17908658,-0.398696017,-0.593056733,-0.640747745,-0.2986716,1.418728804,0.049421211,0.286201824,0.715483041,1.790531374,0.518968158,-0.400708174,-1.057668478,-2.183326106,-3.382312153,-2.386498045,NA,NA,NA,NA,NA,NA,NA
QV13_Aug12,-2.867546263,0.207378951,-6.079140232,-3.248897359,-3.46496795,-1.10430686,-0.336269639,2.934671246,-0.49193566,-1.829283036,-1.60824435,-2.511515563,-3.991449952,-1.58702724,-1.414656414,-0.543899488,-2.023039773,-4.108908048,-1.247767261,0.592120755,1.589250076,-1.225755925,-1.079863131,3.904370266,0.266741529,-0.487917501,-0.507240885,1.234064678,-0.806078044,-3.963296419,-4.807473123,-1.865199346,-2.669698487,1.708256694,-2.207261157,-1.769791651,-0.489870604,-1.827780475,-0.480346543,1.128151687,-2.301443717,-0.892049704,0.028884997,-0.926449214,-0.371793407,-0.86111383,-2.474555727,-1.681245376,0.015015317,-1.154794015,-0.79104891,-0.91249315,-0.251992731,-0.700290919,-0.176168456,-0.050367413,0.395829627,-1.534280792,-1.899450174,-1.322612023,-0.696114611,-0.6163321,0.160732823,-0.252876912,-1.249148359,0.044365476,1.075460791,0.521907467,0.462372545,1.152685733,9.649648366,6.815016572,2.806305309,5.919199747,5.970649117,5.783034279,4.399185071,3.204563139,2.5247398,-0.527187113,-1.235412932,-2.734281891,-1.491807133,-0.628039105,-4.974463547,-2.217696318,0.512628695,-1.634965815,-0.087663199,-0.410815296,0.114284011,-2.784848756,-1.12508936,1.344860017,0.936367069,-0.082347144,0.460859189,-0.511684128,NA,NA,NA,NA,NA,NA
QV13_Mar13,-2.216058694,0.460568161,-2.83379846,-2.597060051,-3.746225136,-1.893072343,-0.176223274,1.183908549,-0.407456792,-1.463409948,-0.972764682,-2.288220935,-2.762969721,-1.489867047,-1.35481966,-2.347517275,-1.507480468,-2.299084663,-2.170680067,-0.59448181,0.428853797,-2.180372924,-1.396808662,3.692622973,0.03008298,-0.970015419,-1.235556407,-0.499452576,-1.123693552,-3.170921722,-4.095901595,-1.560767889,-2.467470972,-0.200640458,-1.724583721,-1.650140623,-1.172071666,-2.770189075,-2.780131136,-1.299205962,-2.252197465,-1.617217976,-1.76831461,-2.036054718,-0.530588288,-0.94242254,-2.268814781,-1.758930989,-0.206110029,-3.490360013,-2.271056658,-3.717997863,-2.575749094,-2.286349832,-1.787076661,-3.775888615,-1.270912727,-1.870551004,-2.629061849,-1.842509757,-3.388992784,-1.332538645,-1.351037269,-2.332164017,-3.269307132,-1.941974217,-0.736533493,-2.631662858,-1.111079103,-0.334563549,3.328364488,4.22821787,5.190571629,4.251000824,3.465231202,3.571955672,2.772243847,1.963866462,2.056518031,-0.837830208,-1.388726622,-2.671334943,-1.906625244,-0.912331414,-4.124010047,-2.362301757,-0.38567788,-2.140059101,-0.970077596,-0.798817317,-0.72760476,-2.354350977,-1.344234642,-0.147530516,-0.415478929,-0.798287489,-0.812832869,-0.96636954,-7.225496598,NA,NA,NA,NA,NA
QV13_Jul14,0.354733013,1.318025151,-2.151898886,-0.862099054,-1.423266566,-0.128828995,0.785086847,4.575305985,0.354426641,-0.207189064,1.573355633,-0.971842962,-0.829121389,-1.305105066,-0.39425172,-1.37961425,0.464538235,0.325296948,-1.903547558,-1.455373832,1.799717407,-2.012329542,-0.774640909,2.910161053,0.518900103,-0.539332619,-0.01420875,0.01886371,-0.533400488,-1.809605883,-2.227744474,0.802662078,-1.245610952,3.02282268,-0.883292359,-0.596485402,-0.620829012,-1.150352513,-1.572068952,-0.835374049,-0.627509423,0.534440243,-0.997005721,-0.991973542,0.382763541,-0.022501393,0.460711487,0.411796712,0.697022097,-1.874141469,-1.342413079,-3.46095849,-2.381325855,-1.5692119,-0.654248595,-3.542379143,-0.874048725,-0.560010091,-2.494561728,0.354723472,-1.727643485,-0.243083499,-1.100719047,-1.707138238,-3.73563697,-0.69598388,-1.07408647,-1.847046387,-0.492854147,0.161572247,3.881528605,4.618753995,1.211197611,3.55684876,0.875602753,2.650928967,2.485535341,1.776162405,1.686674169,0.306420503,-0.695655581,-1.096887515,-0.781242105,0.260119859,-1.17447337,-0.90042881,1.918267679,-0.534558294,0.804278326,0.008599471,1.393248219,0.17755975,-1.350881303,-2.604648416,-0.941527308,-0.51817549,-0.443007425,-0.611666164,-0.370607291,-0.620897132,NA,NA,NA,NA
QV13_Jan16,1.917794017,1.806172157,1.322972258,1.014281652,1.750991544,2.335650143,2.198425936,1.414089151,1.182674736,1.140214173,2.094644999,1.012545514,1.36741964,2.119501478,1.591739368,0.550185905,2.258602626,1.580359956,1.781026152,1.637505685,0.759735049,1.384007502,0.310410937,2.497882977,2.365466673,-0.186804895,0.225592028,0.524196638,0.664841184,1.41198764,1.576638196,2.605493161,1.42916454,1.246217468,1.933988587,1.871741644,1.123634343,0.910914098,1.52371658,0.936015304,1.39966295,0.643540516,1.057241189,0.887607408,1.775620971,1.850573579,1.835732556,1.777412546,2.293319634,2.132539417,1.625798942,1.980962578,2.113004562,1.728945229,1.477822199,2.200880976,2.273023248,1.773528465,1.394349351,1.731831805,1.952861452,2.189515578,1.949862585,1.815037178,1.782891702,1.693948633,1.987553935,1.858891428,1.358581176,2.079507342,2.115511479,1.65932466,0.811154773,1.076247551,0.799984474,1.15049851,1.68631858,1.289596582,1.714638694,1.55934376,1.344219068,0.620770599,1.133702041,1.394855197,1.308919423,1.404503952,2.256769523,2.257327488,2.317206107,1.89528499,2.390021433,0.217884613,1.255630189,2.074316162,1.905632463,1.103177665,1.202034513,1.509284049,2.194764395,0.989012667,1.81601001,NA,NA,NA
QV13_May16,1.900662393,1.375889567,-1.416807664,0.312600354,0.742143717,1.913446062,1.932336888,4.225132343,0.099224471,-0.480399347,3.003606087,-1.334000615,-0.594497067,1.317507633,-0.450887352,-1.084520982,1.149057237,-0.061852275,-0.305164022,0.858453367,2.638684699,0.828645379,-1.16421713,3.306932741,2.616521525,-1.586547458,-0.570227658,-0.858931996,0.152124517,-1.724785257,0.449493452,2.576049645,0.905414432,0.463619817,1.969018335,6.223993738,0.201219,-0.62797047,-0.472504115,-0.764432063,-0.819590718,-0.143686522,-0.469302079,-1.014299334,0.693293004,1.13971577,-0.587543351,0.576618297,1.202490649,-0.303030127,0.808702111,1.394410374,0.970865377,1.728828592,-0.750221956,-1.061058916,-0.107495545,-0.575341774,1.304682947,2.659173066,0.318636766,0.012625544,-0.703650266,0.965186356,-0.503754615,-0.362085664,0.519805526,-0.914299649,0.647843829,0.615539368,2.530240332,2.379076479,-0.189771065,1.833173357,0.328136858,1.712956365,2.457244576,0.828974838,1.372259351,0.01339263,-0.004062643,-1.343392025,-1.484285528,-0.788698545,1.010744782,0.366871218,1.819882965,0.028951451,0.563938263,1.517724259,3.34626697,-0.665756617,0.157887069,0.462772551,2.005844821,0.125916689,1.462817861,1.517126315,1.369686728,0.101509752,0.500226303,1.643711228,NA,NA
QV13_May17,1.565434704,0.680888128,-1.437956721,-1.335015251,-0.416135966,1.101715603,-0.068077341,2.191238853,0.083987021,0.851351256,0.699324712,-0.380560046,-0.220259138,-0.824951294,0.424504728,1.811466299,0.887455756,0.780316122,-1.170715142,-0.739699889,1.420531824,-0.764880346,0.142996892,1.926662037,0.183982081,-1.014174193,-0.89894546,-0.369047908,-1.065233855,-1.293724057,-1.358176235,0.786117724,-0.057417875,2.734626565,0.154357162,0.360895063,-1.126107273,-1.292853771,-1.771344299,-1.391833968,0.85938931,1.534949255,-1.153056884,-1.310945008,-0.298691444,-0.115486146,0.791740951,0.191096394,0.944823702,-1.632194076,-1.443895349,-1.961144015,-0.985312825,-1.04284586,-1.814997924,-1.466962292,-0.669948436,-0.923427903,-1.274503403,-0.273599835,-2.4778138,-0.354363777,-1.691395853,-1.732987122,-2.267504754,-1.168288274,-0.687093725,-1.160227415,-0.329823661,-0.561704478,2.330011557,2.701876906,0.524083474,1.75287954,0.576400693,1.597641663,2.660647617,1.228236182,1.564689528,-0.371756273,-0.99271129,-0.849965474,-0.894687179,-0.930931143,-0.431109611,-0.710969539,0.623417386,-0.510442511,-0.454517453,-0.507063689,-0.370146283,0.358455399,-0.869947969,-1.434240294,-0.927667022,-0.415685889,-0.524579409,-0.189864392,0.069766465,-0.584735252,-0.376843123,1.095734261,0.58165002,NA
